pais,sector,isco,empleo,n_obs,alpha,beta,zeta,capa,label
Costa Rica,Cables y aparatos eléctricos,8211,647.5,2,0.0,0.05,0.05,Operadores de planta y máquinas,Mechanical machinery assemblers
Costa Rica,Cables y aparatos eléctricos,8219,535.75,2,0.1818181818181818,0.2272727272727273,0.409090909090909,Operadores de planta y máquinas,Assemblers not elsewhere classified
Costa Rica,Cables y aparatos eléctricos,3324,463.0,2,0.1643097643097643,0.5425925925925926,0.7069023569023569,Técnicos y profesionales asociados,Trade brokers
Costa Rica,Cables y aparatos eléctricos,3323,80.25,1,0.0619883040935672,0.4967836257309941,0.5587719298245614,Técnicos y profesionales asociados,Buyers
Costa Rica,Cables y aparatos eléctricos,4110,73.75,1,0.3220551378446115,0.5883458646616542,0.9104010025062657,Apoyo administrativo,General office clerks
Costa Rica,Cables y aparatos eléctricos,4321,60.25,1,0.1999999999999999,0.3414141414141414,0.5414141414141413,Apoyo administrativo,Stock clerks
Costa Rica,Cables y aparatos eléctricos,5242,34.25,1,0.0833333333333333,0.1666666666666667,0.25,Servicios y ventas,Sales demonstrators
Costa Rica,Dispositivos médicos,8183,21718.25,137,0.0,0.0,0.0,Operadores de planta y máquinas,"Packing, bottling and labelling machine operators"
Costa Rica,Dispositivos médicos,3214,3138.75,12,0.0666666666666666,0.1725044563279857,0.2391711229946523,Técnicos y profesionales asociados,Medical and dental prosthetic technicians
Costa Rica,Dispositivos médicos,3122,2897.0,16,0.15,0.4,0.55,Técnicos y profesionales asociados,Manufacturing supervisors
Costa Rica,Dispositivos médicos,4321,2024.0,10,0.1999999999999999,0.3414141414141414,0.5414141414141413,Apoyo administrativo,Stock clerks
Costa Rica,Dispositivos médicos,7233,1570.0,5,0.065213644380311,0.1366683202733927,0.2018819646537037,Oficios y artesanía,Agricultural and industrial machinery mechanics and repairers
Costa Rica,Dispositivos médicos,3251,1530.25,6,0.0902777777777777,0.2083333333333333,0.2986111111111111,Técnicos y profesionales asociados,Dental assistants and therapists
Costa Rica,Dispositivos médicos,7543,1447.0,7,0.25,0.40625,0.65625,Oficios y artesanía,Product graders and testers (excluding foods and beverages)
Costa Rica,Dispositivos médicos,4311,1242.25,4,0.6333333333333333,0.7833333333333333,1.0,Apoyo administrativo,Accounting and bookkeeping clerks
Costa Rica,Dispositivos médicos,2421,762.25,3,0.0876232201533406,0.46960569550931,0.5572289156626506,Profesionales e ingeniería,Management and organization analysts
Costa Rica,Dispositivos médicos,8344,758.0,2,0.0472488038277512,0.1860047846889952,0.2332535885167464,Operadores de planta y máquinas,Lifting truck operators
Costa Rica,Dispositivos médicos,9112,737.0,4,0.0158730158730158,0.0238095238095238,0.0396825396825396,Ocupaciones elementales,"Cleaners and helpers in offices, hotels and other establishments"
Costa Rica,Dispositivos médicos,3313,618.25,2,0.5666666666666667,0.7833333333333333,1.0,Técnicos y profesionales asociados,Accounting associate professionals
Costa Rica,Dispositivos médicos,4222,586.0,2,0.1719298245614035,0.5464912280701755,0.718421052631579,Apoyo administrativo,Contact centre information clerks
Costa Rica,Dispositivos médicos,4225,546.25,2,0.581453634085213,0.7393483709273183,1.0,Apoyo administrativo,Enquiry clerks
Costa Rica,Dispositivos médicos,2141,491.0,4,0.1847826086956522,0.5543478260869565,0.7391304347826088,Profesionales e ingeniería,Industrial and production engineers
Costa Rica,Dispositivos médicos,5414,470.0,2,0.1577380952380952,0.3135874542124542,0.4713255494505494,Servicios y ventas,Security guards
Costa Rica,Dispositivos médicos,2144,400.0,3,0.1351567209162146,0.4815275266224633,0.616684247538678,Profesionales e ingeniería,Mechanical engineers
Costa Rica,Dispositivos médicos,4110,346.75,1,0.3220551378446115,0.5883458646616542,0.9104010025062657,Apoyo administrativo,General office clerks
Costa Rica,Dispositivos médicos,9412,330.75,1,0.010752688172043,0.0161290322580645,0.0268817204301075,Ocupaciones elementales,Kitchen helpers
Costa Rica,Dispositivos médicos,7311,300.25,4,0.1008373205741626,0.2969896331738437,0.3978269537480064,Oficios y artesanía,Precision-instrument makers and repairers
Costa Rica,Dispositivos médicos,3323,287.0,2,0.0619883040935672,0.4967836257309941,0.5587719298245614,Técnicos y profesionales asociados,Buyers
Costa Rica,Dispositivos médicos,1221,259.0,1,0.025,0.4705882352941176,0.4955882352941176,Dirección y gerencia,Sales and marketing managers
Costa Rica,Dispositivos médicos,3311,259.0,1,0.1555555555555555,0.5638888888888889,0.7194444444444444,Técnicos y profesionales asociados,Securities and finance dealers and brokers
Costa Rica,Dispositivos médicos,2145,247.25,3,0.0769230769230769,0.4615384615384616,0.5384615384615385,Profesionales e ingeniería,Chemical engineers
Costa Rica,Dispositivos médicos,3312,233.75,1,0.2304347826086956,0.5960144927536233,0.8264492753623189,Técnicos y profesionales asociados,Credit and loans officers
Costa Rica,Dispositivos médicos,2411,230.25,3,0.1423076923076923,0.5583333333333333,0.7006410256410257,Profesionales e ingeniería,Accountants
Costa Rica,Dispositivos médicos,5222,211.75,1,0.0952380952380952,0.5,0.5952380952380952,Servicios y ventas,Shop supervisors
Costa Rica,Dispositivos médicos,4416,206.25,1,0.2631578947368421,0.6052631578947368,0.868421052631579,Apoyo administrativo,Personnel clerks
Costa Rica,Dispositivos médicos,5329,194.25,1,0.1357242310539776,0.2086135204940099,0.3443377515479876,Servicios y ventas,Personal care workers in health services not elsewhere classified
Costa Rica,Dispositivos médicos,2151,147.0,2,0.2272727272727273,0.5454545454545454,0.7727272727272727,Profesionales e ingeniería,Electrical engineers
Costa Rica,Dispositivos médicos,3322,116.5,2,0.1892528941401121,0.5691445876596253,0.7583974817997374,Técnicos y profesionales asociados,Commercial sales representatives
Costa Rica,Dispositivos médicos,5120,80.75,1,0.0909954751131221,0.206447963800905,0.2974434389140272,Servicios y ventas,Cooks
Costa Rica,Dispositivos médicos,1321,74.5,1,0.0683760683760683,0.4102564102564102,0.4786324786324786,Dirección y gerencia,Manufacturing managers
Costa Rica,Dispositivos médicos,3341,62.25,1,0.0689655172413793,0.4827586206896552,0.5517241379310345,Técnicos y profesionales asociados,Office supervisors
Costa Rica,Electrónicos,8212,1979.0,9,0.0481283422459893,0.1080162974280621,0.1561446396740514,Operadores de planta y máquinas,Electrical and electronic equipment assemblers
Costa Rica,Electrónicos,2152,1000.25,3,0.4166666666666666,0.6507936507936507,1.0,Profesionales e ingeniería,Electronics engineers
Costa Rica,Electrónicos,7412,634.25,2,0.1220976314834875,0.1976393829495566,0.3197370144330442,Oficios y artesanía,Electrical mechanics and fitters
Costa Rica,Electrónicos,9329,600.25,2,0.160472442182001,0.1878502335763364,0.3483226757583375,Ocupaciones elementales,Manufacturing labourers not elsewhere classified
Costa Rica,Electrónicos,7311,583.0,3,0.1008373205741626,0.2969896331738437,0.3978269537480064,Oficios y artesanía,Precision-instrument makers and repairers
Costa Rica,Electrónicos,2421,535.25,2,0.0876232201533406,0.46960569550931,0.5572289156626506,Profesionales e ingeniería,Management and organization analysts
Costa Rica,Electrónicos,4321,414.5,2,0.1999999999999999,0.3414141414141414,0.5414141414141413,Apoyo administrativo,Stock clerks
Costa Rica,Electrónicos,1213,307.25,1,0.1261224779766979,0.4600348110258596,0.5861572890025576,Dirección y gerencia,Policy and planning managers
Costa Rica,Electrónicos,2511,290.0,1,0.3333333333333333,0.6141025641025641,0.9474358974358974,Profesionales e ingeniería,Systems analysts
Costa Rica,Electrónicos,9313,282.25,1,0.0059523809523809,0.0104166666666666,0.0163690476190476,Ocupaciones elementales,Building construction labourers
Costa Rica,Electrónicos,8219,237.75,1,0.1818181818181818,0.2272727272727273,0.409090909090909,Operadores de planta y máquinas,Assemblers not elsewhere classified
Costa Rica,Electrónicos,3114,154.25,2,0.2,0.4166666666666667,0.6166666666666667,Técnicos y profesionales asociados,Electronics engineering technicians
Costa Rica,Electrónicos,4222,130.25,2,0.1719298245614035,0.5464912280701755,0.718421052631579,Apoyo administrativo,Contact centre information clerks
Costa Rica,Electrónicos,8189,85.0,1,0.0804000089738412,0.1016862408578992,0.1820862498317405,Operadores de planta y máquinas,Stationary plant and machine operators not elsewhere classified
Costa Rica,Electrónicos,3322,71.75,2,0.1892528941401121,0.5691445876596253,0.7583974817997374,Técnicos y profesionales asociados,Commercial sales representatives
Costa Rica,Electrónicos,8183,60.25,1,0.0,0.0,0.0,Operadores de planta y máquinas,"Packing, bottling and labelling machine operators"
Costa Rica,Electrónicos,3313,60.0,2,0.5666666666666667,0.7833333333333333,1.0,Técnicos y profesionales asociados,Accounting associate professionals
Costa Rica,Electrónicos,2512,56.75,2,0.7947368421052632,0.8675438596491228,1.0,Profesionales e ingeniería,Software developers
Costa Rica,Electrónicos,1321,29.0,1,0.0683760683760683,0.4102564102564102,0.4786324786324786,Dirección y gerencia,Manufacturing managers
Costa Rica,Electrónicos,1120,24.5,1,0.0612244897959183,0.4801920768307323,0.5414165666266506,Dirección y gerencia,Managing directors and chief executives
Costa Rica,Resto,9111,86447.0,1350,0.0,0.0,0.0,Ocupaciones elementales,Domestic cleaners and helpers
Costa Rica,Resto,9211,78360.75,2145,0.0666666666666666,0.15,0.2166666666666666,Ocupaciones elementales,Crop farm labourers
Costa Rica,Resto,5223,77521.0,1127,0.1414473684210526,0.3453947368421052,0.4868421052631579,Servicios y ventas,Shop sales assistants
Costa Rica,Resto,9313,73872.0,1088,0.0059523809523809,0.0104166666666666,0.0163690476190476,Ocupaciones elementales,Building construction labourers
Costa Rica,Resto,8322,61928.75,721,0.1575025851341641,0.2663797277284119,0.423882312862576,Operadores de planta y máquinas,"Car, taxi and van drivers"
Costa Rica,Resto,5414,57520.0,799,0.1577380952380952,0.3135874542124542,0.4713255494505494,Servicios y ventas,Security guards
Costa Rica,Resto,9112,53599.0,988,0.0158730158730158,0.0238095238095238,0.0396825396825396,Ocupaciones elementales,"Cleaners and helpers in offices, hotels and other establishments"
Costa Rica,Resto,5221,43778.75,728,0.0,0.4705882352941176,0.4705882352941176,Servicios y ventas,Shopkeepers
Costa Rica,Resto,8332,40860.75,619,0.1278939651180738,0.2842452538972063,0.4121392190152801,Operadores de planta y máquinas,Heavy truck and lorry drivers
Costa Rica,Resto,5120,38869.5,903,0.0909954751131221,0.206447963800905,0.2974434389140272,Servicios y ventas,Cooks
Costa Rica,Resto,7231,37021.25,508,0.0357391627979863,0.0869469550057785,0.1226861178037648,Oficios y artesanía,Motor vehicle mechanics and repairers
Costa Rica,Resto,9629,36952.25,718,0.0956544853570025,0.1391038531770797,0.2347583385340822,Ocupaciones elementales,Elementary workers not elsewhere classified
Costa Rica,Resto,2341,34751.25,739,0.069172932330827,0.3298872180451128,0.3990601503759398,Profesionales e ingeniería,Primary school teachers
Costa Rica,Resto,4222,33866.25,242,0.1719298245614035,0.5464912280701755,0.718421052631579,Apoyo administrativo,Contact centre information clerks
Costa Rica,Resto,4321,33084.0,413,0.1999999999999999,0.3414141414141414,0.5414141414141413,Apoyo administrativo,Stock clerks
Costa Rica,Resto,4110,33053.0,349,0.3220551378446115,0.5883458646616542,0.9104010025062657,Apoyo administrativo,General office clerks
Costa Rica,Resto,7111,31128.0,399,0.04,0.44,0.48,Oficios y artesanía,House builders
Costa Rica,Resto,2330,29935.0,566,0.03125,0.328125,0.359375,Profesionales e ingeniería,Secondary education teachers
Costa Rica,Resto,9329,29005.5,589,0.160472442182001,0.1878502335763364,0.3483226757583375,Ocupaciones elementales,Manufacturing labourers not elsewhere classified
Costa Rica,Resto,9214,27760.0,615,0.0333333333333333,0.0935185185185185,0.1268518518518518,Ocupaciones elementales,Garden and horticultural labourers
Costa Rica,Resto,5230,23995.0,488,0.1862068965517241,0.2373563218390804,0.4235632183908046,Servicios y ventas,Cashiers and ticket clerks
Costa Rica,Resto,8321,22311.25,211,0.1648958626512806,0.3103363354911342,0.4752321981424148,Operadores de planta y máquinas,Motorcycle drivers
Costa Rica,Resto,2611,21735.25,208,0.0,0.4318181818181818,0.4318181818181818,Profesionales e ingeniería,Lawyers
Costa Rica,Resto,7512,21453.0,374,0.1666666666666667,0.2777777777777778,0.4444444444444445,Oficios y artesanía,"Bakers, pastry-cooks and confectionery makers"
Costa Rica,Resto,2421,20286.0,222,0.0876232201533406,0.46960569550931,0.5572289156626506,Profesionales e ingeniería,Management and organization analysts
Costa Rica,Resto,6112,19447.0,369,0.0666666666666666,0.1416666666666666,0.2083333333333333,Agropecuario calificado,Tree and shrub crop growers
Costa Rica,Resto,4120,19075.5,297,0.34375,0.625,0.96875,Apoyo administrativo,Secretaries (general)
Costa Rica,Resto,2411,18888.0,200,0.1423076923076923,0.5583333333333333,0.7006410256410257,Profesionales e ingeniería,Accountants
Costa Rica,Resto,5243,18821.25,307,0.1666666666666667,0.25,0.4166666666666667,Servicios y ventas,Door to door salespersons
Costa Rica,Resto,3322,18618.25,259,0.1892528941401121,0.5691445876596253,0.7583974817997374,Técnicos y profesionales asociados,Commercial sales representatives
Costa Rica,Resto,7531,18496.75,303,0.0454545454545454,0.0909090909090909,0.1363636363636363,Oficios y artesanía,"Tailors, dressmakers, furriers and hatters"
Costa Rica,Resto,5141,17995.5,266,0.0842897952468554,0.2021914868159315,0.286481282062787,Servicios y ventas,Hairdressers
Costa Rica,Resto,9212,17837.5,421,0.0,0.0681818181818181,0.0681818181818181,Ocupaciones elementales,Livestock farm labourers
Costa Rica,Resto,5311,17586.0,341,0.1115137442536823,0.2570421709353597,0.368555915189042,Servicios y ventas,Child care workers
Costa Rica,Resto,5142,17577.75,306,0.0935999240784541,0.2154475952598176,0.3090475193382718,Servicios y ventas,Beauticians and related workers
Costa Rica,Resto,2511,17429.0,152,0.3333333333333333,0.6141025641025641,0.9474358974358974,Profesionales e ingeniería,Systems analysts
Costa Rica,Resto,5412,16090.0,325,0.0977932636469221,0.2932926829268292,0.3910859465737514,Servicios y ventas,Police officers
Costa Rica,Resto,9412,15934.5,284,0.010752688172043,0.0161290322580645,0.0268817204301075,Ocupaciones elementales,Kitchen helpers
Costa Rica,Resto,8331,15813.0,256,0.2385942360013567,0.3158299324514494,0.5544241684528062,Operadores de planta y máquinas,Bus and tram drivers
Costa Rica,Resto,6111,15077.0,380,0.0666666666666666,0.1416666666666666,0.2083333333333333,Agropecuario calificado,Field crop and vegetable growers
Costa Rica,Resto,7522,14895.5,135,0.0928571428571428,0.153327922077922,0.2461850649350649,Oficios y artesanía,Cabinet-makers and related workers
Costa Rica,Resto,9321,14029.0,259,0.0833333333333333,0.0833333333333333,0.1666666666666666,Ocupaciones elementales,Hand packers
Costa Rica,Resto,5211,13824.0,309,0.1666666666666667,0.25,0.4166666666666667,Servicios y ventas,Stall and market salespersons
Costa Rica,Resto,5131,12740.0,309,0.0757142857142857,0.1614285714285714,0.2371428571428571,Servicios y ventas,Waiters
Costa Rica,Resto,3313,12460.5,129,0.5666666666666667,0.7833333333333333,1.0,Técnicos y profesionales asociados,Accounting associate professionals
Costa Rica,Resto,5246,12155.0,161,0.0425531914893617,0.0709219858156028,0.1134751773049645,Servicios y ventas,Food service counter attendants
Costa Rica,Resto,7212,12130.25,190,0.067816091954023,0.0847701149425287,0.1525862068965517,Oficios y artesanía,Welders and flamecutters
Costa Rica,Resto,2310,11175.0,80,0.1941691997427701,0.4817105886228824,0.6758797883656525,Profesionales e ingeniería,University and higher education teachers
Costa Rica,Resto,3512,11025.25,81,0.4375,0.59375,1.0,Técnicos y profesionales asociados,Information and communications technology user support technicians
Costa Rica,Resto,5222,11002.5,135,0.0952380952380952,0.5,0.5952380952380952,Servicios y ventas,Shop supervisors
Costa Rica,Resto,6121,10794.0,303,0.1083333333333333,0.2145833333333333,0.3229166666666666,Agropecuario calificado,Livestock and dairy producers
Costa Rica,Resto,5322,10641.25,132,0.1192919911186165,0.2200988210276135,0.33939081214623,Servicios y ventas,Home-based personal care workers
Costa Rica,Resto,2211,10522.5,83,0.0096152259866079,0.4407874326947311,0.450402658681339,Profesionales e ingeniería,Generalist medical practitioners
Costa Rica,Resto,3411,10270.5,98,0.1460870313037496,0.4026552287581699,0.5487422600619195,Técnicos y profesionales asociados,Legal and related associate professionals
Costa Rica,Resto,7422,9428.25,98,0.1486580086580086,0.2455844155844156,0.3942424242424243,Oficios y artesanía,Information and communications technology installers and servicers
Costa Rica,Resto,2342,9116.5,143,0.0564387917329093,0.2251589825119236,0.281597774244833,Profesionales e ingeniería,Early childhood educators
Costa Rica,Resto,7411,8589.0,128,0.0476190476190476,0.1291208791208791,0.1767399267399267,Oficios y artesanía,Building and related electricians
Costa Rica,Resto,3341,8583.5,63,0.0689655172413793,0.4827586206896552,0.5517241379310345,Técnicos y profesionales asociados,Office supervisors
Costa Rica,Resto,9334,8326.75,156,0.1,0.1833333333333333,0.2833333333333333,Ocupaciones elementales,Shelf fillers
Costa Rica,Resto,9520,8112.0,101,0.1666666666666667,0.25,0.4166666666666667,Ocupaciones elementales,Street vendors (excluding food)
Costa Rica,Resto,3344,8111.25,131,0.5875,0.7770833333333333,1.0,Técnicos y profesionales asociados,Medical secretaries
Costa Rica,Resto,4225,7983.0,69,0.581453634085213,0.7393483709273183,1.0,Apoyo administrativo,Enquiry clerks
Costa Rica,Resto,5244,7838.0,94,0.5833333333333334,0.7916666666666666,1.0,Servicios y ventas,Contact centre salespersons
Costa Rica,Resto,7233,7674.0,121,0.065213644380311,0.1366683202733927,0.2018819646537037,Oficios y artesanía,Agricultural and industrial machinery mechanics and repairers
Costa Rica,Resto,7412,7570.75,91,0.1220976314834875,0.1976393829495566,0.3197370144330442,Oficios y artesanía,Electrical mechanics and fitters
Costa Rica,Resto,7317,7533.75,76,0.0,0.2666666666666667,0.2666666666666667,Oficios y artesanía,"Handicraft workers in wood, basketry and related materials"
Costa Rica,Resto,3435,7185.0,68,0.1929302422723474,0.3068870091896408,0.4998172514619883,Técnicos y profesionales asociados,Other artistic and cultural associate professionals
Costa Rica,Resto,9411,6948.75,132,0.0,0.0,0.0,Ocupaciones elementales,Fast food preparers
Costa Rica,Resto,4211,6798.75,73,0.2610837438423645,0.4597701149425287,0.7208538587848932,Apoyo administrativo,Bank tellers and related clerks
Costa Rica,Resto,3312,6591.0,67,0.2304347826086956,0.5960144927536233,0.8264492753623189,Técnicos y profesionales asociados,Credit and loans officers
Costa Rica,Resto,3122,6306.75,65,0.15,0.4,0.55,Técnicos y profesionales asociados,Manufacturing supervisors
Costa Rica,Resto,7511,6171.75,90,0.0333333333333333,0.0541666666666666,0.0875,Oficios y artesanía,"Butchers, fishmongers and related food preparers"
Costa Rica,Resto,9333,6062.0,132,0.0942408189048726,0.1890989749332414,0.2833397938381141,Ocupaciones elementales,Freight handlers
Costa Rica,Resto,2141,6040.75,48,0.1847826086956522,0.5543478260869565,0.7391304347826088,Profesionales e ingeniería,Industrial and production engineers
Costa Rica,Resto,2413,6005.0,72,0.0610219845513963,0.5142968142968143,0.5753187988482106,Profesionales e ingeniería,Financial analysts
Costa Rica,Resto,4311,5891.75,75,0.6333333333333333,0.7833333333333333,1.0,Apoyo administrativo,Accounting and bookkeeping clerks
Costa Rica,Resto,8341,5695.25,144,0.1111111111111111,0.1111111111111111,0.2222222222222222,Operadores de planta y máquinas,Mobile farm and forestry plant operators
Costa Rica,Resto,2142,5640.0,42,0.056338028169014,0.4859154929577465,0.5422535211267606,Profesionales e ingeniería,Civil engineers
Costa Rica,Resto,7132,5604.5,81,0.0333333333333333,0.05,0.0833333333333333,Oficios y artesanía,Spray painters and varnishers
Costa Rica,Resto,2352,5177.75,89,0.1372222222222222,0.3105555555555555,0.4477777777777777,Profesionales e ingeniería,Special needs teachers
Costa Rica,Resto,3432,5071.5,39,0.0,0.3834567901234567,0.3834567901234567,Técnicos y profesionales asociados,Interior designers and decorators
Costa Rica,Resto,4226,5044.5,45,0.2105263157894737,0.5263157894736842,0.7368421052631579,Apoyo administrativo,Receptionists (general)
Costa Rica,Resto,5321,5017.5,62,0.1185383244206773,0.1412655971479501,0.2598039215686274,Servicios y ventas,Health care assistants
Costa Rica,Resto,6113,5015.5,59,0.0604395604395604,0.1382783882783883,0.1987179487179487,Agropecuario calificado,"Gardeners, horticultural and nursery growers"
Costa Rica,Resto,8342,5003.5,99,0.0071428571428571,0.0107142857142857,0.0178571428571428,Operadores de planta y máquinas,Earthmoving and related plant operators
Costa Rica,Resto,3423,4912.25,66,0.1016231435365908,0.2650247086560857,0.3666478521926765,Técnicos y profesionales asociados,Fitness and recreation instructors and program leaders
Costa Rica,Resto,9613,4910.5,26,0.1642494019138756,0.2457012559808612,0.40995065789473684,Ocupaciones elementales,Sweepers and related labourers
Costa Rica,Resto,4214,4739.25,41,0.2714285714285714,0.6,0.8714285714285714,Apoyo administrativo,Debt-collectors and related workers
Costa Rica,Resto,7534,4614.0,47,0.1363636363636364,0.2272727272727273,0.3636363636363637,Oficios y artesanía,Upholsterers and related workers
Costa Rica,Resto,2431,4613.0,25,0.44359410430839,0.7079081632653061,1.0,Profesionales e ingeniería,Advertising and marketing professionals
Costa Rica,Resto,3123,4539.25,105,0.0333333333333333,0.4166666666666667,0.45,Técnicos y profesionales asociados,Construction supervisors
Costa Rica,Resto,2423,4524.25,41,0.1571051497522086,0.4940442523163111,0.6511494020685198,Profesionales e ingeniería,Personnel and careers professionals
Costa Rica,Resto,2512,4477.75,43,0.7947368421052632,0.8675438596491228,1.0,Profesionales e ingeniería,Software developers
Costa Rica,Resto,4323,4423.5,62,0.3076923076923077,0.6538461538461539,0.9615384615384616,Apoyo administrativo,Transport clerks
Costa Rica,Resto,3212,4418.5,43,0.0733333333333333,0.271159420289855,0.3444927536231884,Técnicos y profesionales asociados,Medical and pathology laboratory technicians
Costa Rica,Resto,7127,4413.25,102,0.056060606060606,0.2659090909090909,0.321969696969697,Oficios y artesanía,Air conditioning and refrigeration mechanics
Costa Rica,Resto,7413,4382.75,68,0.0227272727272727,0.2159090909090909,0.2386363636363636,Oficios y artesanía,Electrical line installers and repairers
Costa Rica,Resto,2634,4380.5,55,0.0641666666666666,0.4407200292397661,0.5048866959064328,Profesionales e ingeniería,Psychologists
Costa Rica,Resto,2161,4334.75,37,0.0833333333333333,0.5,0.5833333333333334,Profesionales e ingeniería,Building architects
Costa Rica,Resto,8344,4312.0,77,0.0472488038277512,0.1860047846889952,0.2332535885167464,Operadores de planta y máquinas,Lifting truck operators
Costa Rica,Resto,1345,4303.25,100,0.0328663793103448,0.4436961206896551,0.4765624999999999,Dirección y gerencia,Education managers
Costa Rica,Resto,2151,4278.0,30,0.2272727272727273,0.5454545454545454,0.7727272727272727,Profesionales e ingeniería,Electrical engineers
Costa Rica,Resto,7126,4163.25,102,0.0098039215686274,0.0570728291316526,0.0668767507002801,Oficios y artesanía,Plumbers and pipe fitters
Costa Rica,Resto,3422,4122.25,38,0.1626984126984127,0.3439484126984127,0.5066468253968254,Técnicos y profesionales asociados,"Sports coaches, instructors and officials"
Costa Rica,Resto,2264,3980.5,35,0.0616666666666666,0.22375,0.2854166666666666,Profesionales e ingeniería,Physiotherapists
Costa Rica,Resto,7322,3923.75,29,0.2173913043478261,0.3260869565217391,0.5434782608695652,Oficios y artesanía,Printers
Costa Rica,Resto,7125,3908.5,42,0.0,0.0925925925925925,0.0925925925925925,Oficios y artesanía,Glaziers
Costa Rica,Resto,9611,3906.25,35,0.1409988038277512,0.2726525119617224,0.4136513157894737,Ocupaciones elementales,Garbage and recycling collectors
Costa Rica,Resto,5245,3868.25,77,0.1472488038277512,0.2632775119617224,0.4105263157894736,Servicios y ventas,Service station attendants
Costa Rica,Resto,7515,3855.25,42,0.1287878787878788,0.2310606060606061,0.359848484848485,Oficios y artesanía,Food and beverage tasters and graders
Costa Rica,Resto,2262,3836.75,51,0.1428571428571428,0.4285714285714285,0.5714285714285713,Profesionales e ingeniería,Pharmacists
Costa Rica,Resto,6222,3733.75,131,0.0666666666666666,0.1666666666666666,0.2333333333333333,Agropecuario calificado,Inland and coastal waters fishery workers
Costa Rica,Resto,4221,3647.5,49,0.1104497354497354,0.5142195767195767,0.6246693121693122,Apoyo administrativo,Travel consultants and clerks
Costa Rica,Resto,9510,3581.25,82,0.0,0.0416666666666666,0.0416666666666666,Ocupaciones elementales,Street and related service workers
Costa Rica,Resto,5113,3580.5,90,0.1479188166494668,0.3187134502923976,0.4666322669418645,Servicios y ventas,Travel guides
Costa Rica,Resto,5212,3476.5,64,0.119047619047619,0.1964285714285714,0.3154761904761904,Servicios y ventas,Street food salespersons
Costa Rica,Resto,7131,3361.25,33,0.0263157894736842,0.0388157894736842,0.0651315789473684,Oficios y artesanía,Painters and related workers
Costa Rica,Resto,2131,3355.5,22,0.085758377425044,0.4490001253890143,0.5347585028140583,Profesionales e ingeniería,"Biologists, botanists, zoologists and related professionals"
Costa Rica,Resto,9122,3109.25,76,0.0476190476190476,0.0714285714285714,0.119047619047619,Ocupaciones elementales,Vehicle cleaners
Costa Rica,Resto,2412,3099.0,25,0.0404761904761904,0.4987179487179487,0.5391941391941392,Profesionales e ingeniería,Financial and investment advisers
Costa Rica,Resto,5413,3075.0,75,0.2048494983277592,0.2663043478260869,0.4711538461538461,Servicios y ventas,Prison guards
Costa Rica,Resto,8183,2950.25,17,0.0,0.0,0.0,Operadores de planta y máquinas,"Packing, bottling and labelling machine operators"
Costa Rica,Resto,1120,2934.25,31,0.0612244897959183,0.4801920768307323,0.5414165666266506,Dirección y gerencia,Managing directors and chief executives
Costa Rica,Resto,2265,2910.5,35,0.1071428571428571,0.5178571428571429,0.625,Profesionales e ingeniería,Dieticians and nutritionists
Costa Rica,Resto,5242,2884.5,50,0.0833333333333333,0.1666666666666667,0.25,Servicios y ventas,Sales demonstrators
Costa Rica,Resto,8160,2820.75,36,0.0743414418398938,0.0783414418398938,0.1526828836797877,Operadores de planta y máquinas,Food and related products machine operators
Costa Rica,Resto,3434,2795.25,30,0.1437728937728937,0.3809523809523809,0.5247252747252746,Técnicos y profesionales asociados,Chefs
Costa Rica,Resto,3513,2761.0,22,0.4615384615384616,0.6346153846153846,1.0,Técnicos y profesionales asociados,Computer network and systems technicians
Costa Rica,Resto,3511,2740.5,19,0.4790697674418605,0.7372093023255814,1.0,Técnicos y profesionales asociados,Information and communications technology operations technicians
Costa Rica,Resto,3331,2694.25,25,0.2272727272727272,0.5,0.7272727272727273,Técnicos y profesionales asociados,Clearing and forwarding agents
Costa Rica,Resto,2132,2633.0,57,0.0222222222222222,0.4093827160493826,0.4316049382716048,Profesionales e ingeniería,"Farming, forestry and fisheries advisers"
Costa Rica,Resto,3323,2598.5,44,0.0619883040935672,0.4967836257309941,0.5587719298245614,Técnicos y profesionales asociados,Buyers
Costa Rica,Resto,5164,2590.5,51,0.1013822993312157,0.2217157197807352,0.323098019111951,Servicios y ventas,Pet groomers and animal care workers
Costa Rica,Resto,3332,2589.25,20,0.0952380952380952,0.4761904761904762,0.5714285714285714,Técnicos y profesionales asociados,Conference and event planners
Costa Rica,Resto,4224,2546.75,61,0.1625,0.46875,0.63125,Apoyo administrativo,Hotel receptionists
Costa Rica,Resto,1211,2400.5,13,0.0,0.4841269841269841,0.4841269841269841,Dirección y gerencia,Finance managers
Costa Rica,Resto,3213,2384.25,52,0.2857142857142857,0.4047619047619048,0.6904761904761905,Técnicos y profesionales asociados,Pharmaceutical technicians and assistants
Costa Rica,Resto,2212,2374.25,12,0.0421366252337308,0.3755343413821616,0.4176709666158923,Profesionales e ingeniería,Specialist medical practitioners
Costa Rica,Resto,9331,2369.75,46,0.1732026143790849,0.2165032679738562,0.3897058823529411,Ocupaciones elementales,Hand and pedal vehicle drivers
Costa Rica,Resto,3141,2360.5,16,0.1987179487179487,0.4155982905982905,0.6143162393162394,Técnicos y profesionales asociados,Life science technicians (excluding medical)
Costa Rica,Resto,3311,2359.5,11,0.1555555555555555,0.5638888888888889,0.7194444444444444,Técnicos y profesionales asociados,Securities and finance dealers and brokers
Costa Rica,Resto,7543,2351.5,14,0.25,0.40625,0.65625,Oficios y artesanía,Product graders and testers (excluding foods and beverages)
Costa Rica,Resto,3252,2315.75,34,0.2738970588235294,0.6369485294117647,0.9108455882352942,Técnicos y profesionales asociados,Medical records and health information technicians
Costa Rica,Resto,2165,2304.75,32,0.1107142857142857,0.5241071428571429,0.6348214285714286,Profesionales e ingeniería,Cartographers and surveyors
Costa Rica,Resto,6122,2287.5,68,0.1083333333333333,0.2145833333333333,0.3229166666666666,Agropecuario calificado,Poultry producers
Costa Rica,Resto,3321,2275.0,25,0.137287663603453,0.5593845725424673,0.6966722361459203,Técnicos y profesionales asociados,Insurance representatives
Costa Rica,Resto,9312,2208.5,58,0.0,0.0131578947368421,0.0131578947368421,Ocupaciones elementales,Civil engineering labourers
Costa Rica,Resto,3253,2184.75,39,0.0689655172413793,0.3103448275862069,0.3793103448275862,Técnicos y profesionales asociados,Community health workers
Costa Rica,Resto,2261,2173.5,30,0.0125,0.1577922077922078,0.1702922077922078,Profesionales e ingeniería,Dentists
Costa Rica,Resto,1346,2165.0,15,0.0,0.4773576097105508,0.4773576097105508,Dirección y gerencia,Financial and insurance services branch managers
Costa Rica,Resto,3521,2146.25,27,0.133107553366174,0.4010160098522167,0.5341235632183907,Técnicos y profesionales asociados,Broadcasting and audio-visual technicians
Costa Rica,Resto,3413,2140.0,42,0.1730435156518748,0.3763276143790849,0.5493711300309598,Técnicos y profesionales asociados,Religious associate professionals
Costa Rica,Resto,7318,2133.5,37,0.0,0.074074074074074,0.074074074074074,Oficios y artesanía,"Handicraft workers in textile, leather and related materials"
Costa Rica,Resto,2166,2124.75,18,0.0357142857142857,0.5178571428571428,0.5535714285714285,Profesionales e ingeniería,Graphic and multimedia designers
Costa Rica,Resto,5153,2111.5,36,0.0,0.0,0.0,Servicios y ventas,Building caretakers
Costa Rica,Resto,7421,2084.75,13,0.1762096237096237,0.3000903263403263,0.47629995004995,Oficios y artesanía,Electronics mechanics and servicers
Costa Rica,Resto,3257,1916.5,50,0.1278294074346706,0.3639200711569132,0.4917494785915839,Técnicos y profesionales asociados,Environmental and occupational health inspectors and associates
Costa Rica,Resto,7311,1893.75,21,0.1008373205741626,0.2969896331738437,0.3978269537480064,Oficios y artesanía,Precision-instrument makers and repairers
Costa Rica,Resto,9612,1834.75,34,0.1875,0.21875,0.40625,Ocupaciones elementales,Refuse sorters
Costa Rica,Resto,7314,1790.25,15,0.005813953488372,0.1624031007751938,0.1682170542635659,Oficios y artesanía,Potters and related workers
Costa Rica,Resto,4416,1752.25,20,0.2631578947368421,0.6052631578947368,0.868421052631579,Apoyo administrativo,Personnel clerks
Costa Rica,Resto,2612,1732.0,23,0.0714285714285714,0.4523809523809524,0.5238095238095238,Profesionales e ingeniería,Judges
Costa Rica,Resto,2359,1719.25,29,0.1383298933608531,0.3762684898520811,0.5145983832129343,Profesionales e ingeniería,Teaching professionals not elsewhere classified
Costa Rica,Resto,2514,1690.25,25,0.8823529411764706,0.9411764705882352,1.0,Profesionales e ingeniería,Applications programmers
Costa Rica,Resto,2422,1686.0,6,0.175,0.571195652173913,0.746195652173913,Profesionales e ingeniería,Policy administration professionals
Costa Rica,Resto,1212,1671.75,9,0.0822649572649572,0.4935897435897436,0.5758547008547009,Dirección y gerencia,Human resource managers
Costa Rica,Resto,2635,1645.75,43,0.0659391322954302,0.2748646118610952,0.3408037441565255,Profesionales e ingeniería,Social work and counselling professionals
Costa Rica,Resto,3259,1610.5,12,0.1092708692273909,0.3133355613790397,0.4226064306064306,Técnicos y profesionales asociados,Health associate professionals not elsewhere classified
Costa Rica,Resto,3255,1579.25,33,0.1157407407407407,0.1802248677248677,0.2959656084656084,Técnicos y profesionales asociados,Physiotherapy technicians and assistants
Costa Rica,Resto,5329,1556.0,28,0.1357242310539776,0.2086135204940099,0.3443377515479876,Servicios y ventas,Personal care workers in health services not elsewhere classified
Costa Rica,Resto,4313,1489.25,34,0.6818181818181818,0.8409090909090909,1.0,Apoyo administrativo,Payroll clerks
Costa Rica,Resto,9216,1442.75,49,0.0,0.059090909090909,0.059090909090909,Ocupaciones elementales,Fishery and aquaculture labourers
Costa Rica,Resto,7321,1409.75,5,0.1866666666666666,0.5394444444444444,0.726111111111111,Oficios y artesanía,Pre-press technicians
Costa Rica,Resto,3343,1400.0,24,0.6461038961038961,0.8003246753246753,1.0,Técnicos y profesionales asociados,Administrative and executive secretaries
Costa Rica,Resto,2642,1397.75,12,0.3166666666666666,0.6464285714285715,0.963095238095238,Profesionales e ingeniería,Journalists
Costa Rica,Resto,7223,1347.25,13,0.0855645513993971,0.1209784669733826,0.2065430183727797,Oficios y artesanía,Metal working machine tool setters and operators
Costa Rica,Resto,9311,1344.0,43,0.0,0.0,0.0,Ocupaciones elementales,Mining and quarrying labourers
Costa Rica,Resto,2622,1326.25,20,0.1666666666666667,0.5333333333333333,0.7000000000000001,Profesionales e ingeniería,Librarians and related information professionals
Costa Rica,Resto,7319,1314.25,19,0.0,0.2666666666666667,0.2666666666666667,Oficios y artesanía,Handicraft workers not elsewhere classified
Costa Rica,Resto,4229,1291.25,8,0.4117647058823529,0.6764705882352942,1.0,Apoyo administrativo,Client information workers not elsewhere classified
Costa Rica,Resto,2320,1279.25,26,0.1650211795373085,0.3853046594982078,0.5503258390355164,Profesionales e ingeniería,Vocational education teachers
Costa Rica,Resto,2631,1269.5,10,0.1212121212121212,0.5606060606060606,0.6818181818181818,Profesionales e ingeniería,Economists
Costa Rica,Resto,7214,1267.5,13,0.0,0.0393892339544513,0.0393892339544513,Oficios y artesanía,Structural-metal preparers and erectors
Costa Rica,Resto,2351,1257.75,33,0.2,0.5333333333333333,0.7333333333333334,Profesionales e ingeniería,Education methods specialists
Costa Rica,Resto,3522,1250.75,11,0.2,0.4166666666666667,0.6166666666666667,Técnicos y profesionales asociados,Telecommunications engineering technicians
Costa Rica,Resto,9621,1249.0,31,0.1764705882352941,0.25,0.4264705882352941,Ocupaciones elementales,"Messengers, package deliverers and luggage porters"
Costa Rica,Resto,5132,1241.5,41,0.1,0.2,0.3,Servicios y ventas,Bartenders
Costa Rica,Resto,3240,1230.25,9,0.0858294930875575,0.1877880184331797,0.2736175115207373,Técnicos y profesionales asociados,Veterinary technicians and assistants
Costa Rica,Resto,8142,1229.25,8,0.0602166230455704,0.0904467337250812,0.1506633567706516,Operadores de planta y máquinas,Plastic products machine operators
Costa Rica,Resto,2432,1226.5,8,0.2222222222222222,0.5833333333333334,0.8055555555555556,Profesionales e ingeniería,Public relations professionals
Costa Rica,Resto,1324,1223.5,17,0.0166666666666666,0.4833333333333333,0.4999999999999999,Dirección y gerencia,"Supply, distribution and related managers"
Costa Rica,Resto,5163,1214.25,9,0.12004662004662,0.1427738927738927,0.2628205128205128,Servicios y ventas,Undertakers and embalmers
Costa Rica,Resto,1221,1203.5,10,0.025,0.4705882352941176,0.4955882352941176,Dirección y gerencia,Sales and marketing managers
Costa Rica,Resto,3334,1202.25,23,0.0277777777777777,0.4732744107744107,0.5010521885521885,Técnicos y profesionales asociados,Real estate agents and property managers
Costa Rica,Resto,3431,1188.5,20,0.0344827586206896,0.396551724137931,0.4310344827586206,Técnicos y profesionales asociados,Photographers
Costa Rica,Resto,8143,1173.75,14,0.0294117647058823,0.0294117647058823,0.0588235294117647,Operadores de planta y máquinas,Paper products machine operators
Costa Rica,Resto,8157,1161.25,26,0.03125,0.0625,0.09375,Operadores de planta y máquinas,Laundry machine operators
Costa Rica,Resto,3118,1158.25,14,0.1017857142857142,0.5063244047619048,0.608110119047619,Técnicos y profesionales asociados,Draughtspersons
Costa Rica,Resto,8343,1136.5,36,0.1131047315257841,0.1829611908559276,0.2960659223817118,Operadores de planta y máquinas,"Crane, hoist and related plant operators"
Costa Rica,Resto,7316,1130.25,14,0.0,0.0583333333333333,0.0583333333333333,Oficios y artesanía,"Sign writers, decorative painters, engravers and etchers"
Costa Rica,Resto,8131,1090.0,8,0.0646075079846566,0.1097870223249394,0.174394530309596,Operadores de planta y máquinas,Chemical products plant and machine operators
Costa Rica,Resto,3113,1087.0,25,0.225,0.4054487179487179,0.6304487179487179,Técnicos y profesionales asociados,Electrical engineering technicians
Costa Rica,Resto,4312,1075.0,18,0.375,0.6679166666666667,1.0,Apoyo administrativo,"Statistical, finance and insurance clerks"
Costa Rica,Resto,1342,1064.5,19,0.0,0.4166666666666667,0.4166666666666667,Dirección y gerencia,Health services managers
Costa Rica,Resto,3514,1037.5,9,0.5951468710089399,0.77257343550447,1.0,Técnicos y profesionales asociados,Web technicians
Costa Rica,Resto,2250,1036.75,10,0.0869565217391304,0.2826086956521739,0.3695652173913043,Profesionales e ingeniería,Veterinarians
Costa Rica,Resto,2353,1035.5,14,0.1879967011545959,0.4068788424051581,0.594875543559754,Profesionales e ingeniería,Other language teachers
Costa Rica,Resto,3142,1029.5,18,0.1875,0.3645833333333333,0.5520833333333334,Técnicos y profesionales asociados,Agricultural technicians
Costa Rica,Resto,2521,1029.0,8,0.8397932816537468,0.9198966408268734,1.0,Profesionales e ingeniería,Database designers and administrators
Costa Rica,Resto,2513,1005.5,6,0.6902937420178799,0.84514687100894,1.0,Profesionales e ingeniería,Web and multimedia developers
Costa Rica,Resto,3324,1005.25,9,0.1643097643097643,0.5425925925925926,0.7069023569023569,Técnicos y profesionales asociados,Trade brokers
Costa Rica,Resto,9121,1004.5,12,0.0,0.0178571428571428,0.0178571428571428,Ocupaciones elementales,Hand launderers and pressers
Costa Rica,Resto,7112,1000.25,9,0.0,0.0178571428571428,0.0178571428571428,Oficios y artesanía,Bricklayers and related workers
Costa Rica,Resto,1330,985.75,7,0.1176470588235294,0.5294117647058824,0.6470588235294118,Dirección y gerencia,Information and communications technology service managers
Costa Rica,Resto,3352,971.75,16,0.16,0.56,0.7200000000000001,Técnicos y profesionales asociados,Government tax and excise officials
Costa Rica,Resto,8153,960.25,8,0.0384615384615384,0.0769230769230769,0.1153846153846153,Operadores de planta y máquinas,Sewing machine operators
Costa Rica,Resto,5419,928.0,28,0.1768978605935127,0.3035072679434092,0.4804051285369219,Servicios y ventas,Protective services workers not elsewhere classified
Costa Rica,Resto,3211,926.75,11,0.049551267147175,0.3152530419282337,0.3648043090754088,Técnicos y profesionales asociados,Medical imaging and therapeutic equipment technicians
Costa Rica,Resto,2641,915.75,3,0.5351851851851852,0.7392857142857143,1.0,Profesionales e ingeniería,Authors and related writers
Costa Rica,Resto,4415,907.25,4,0.4546783625730994,0.5760233918128655,1.0,Apoyo administrativo,Filing and copying clerks
Costa Rica,Resto,3112,905.5,4,0.1199999999999999,0.4266666666666666,0.5466666666666666,Técnicos y profesionales asociados,Civil engineering technicians
Costa Rica,Resto,2267,891.5,22,0.0,0.3,0.3,Profesionales e ingeniería,Optometrists and ophthalmic opticians
Costa Rica,Resto,7114,863.25,13,0.0,0.0138888888888888,0.0138888888888888,Oficios y artesanía,"Concrete placers, concrete finishers and related workers"
Costa Rica,Resto,3152,846.5,24,0.1472488038277512,0.2966108452950558,0.443859649122807,Técnicos y profesionales asociados,Ships' deck officers and pilots
Costa Rica,Resto,9622,845.75,7,0.0249999999999999,0.1048611111111111,0.1298611111111111,Ocupaciones elementales,Odd job persons
Costa Rica,Resto,3314,845.25,4,0.6210612582180088,0.7754292888017145,1.0,Técnicos y profesionales asociados,"Statistical, mathematical and related associate professionals"
Costa Rica,Resto,6210,838.75,22,0.0806349206349206,0.1466673092988882,0.2273022299338088,Agropecuario calificado,Forestry and related workers
Costa Rica,Resto,7513,837.75,20,0.0876190476190476,0.1095238095238095,0.1971428571428571,Oficios y artesanía,Dairy-products makers
Costa Rica,Resto,7222,836.25,10,0.1891514939309057,0.2596113445378151,0.4487628384687208,Oficios y artesanía,Toolmakers and related workers
Costa Rica,Resto,2354,829.25,3,0.1666666666666667,0.3666666666666666,0.5333333333333333,Profesionales e ingeniería,Other music teachers
Costa Rica,Resto,7523,828.0,24,0.0384615384615384,0.0769230769230769,0.1153846153846153,Oficios y artesanía,Woodworking-machine tool setters and operators
Costa Rica,Resto,9129,813.75,28,0.0454545454545454,0.0681818181818181,0.1136363636363636,Ocupaciones elementales,Other cleaning workers
Costa Rica,Resto,3355,813.5,20,0.0961538461538461,0.3548076923076922,0.4509615384615384,Técnicos y profesionales asociados,Police inspectors and detectives
Costa Rica,Resto,3119,802.0,21,0.1349953850497328,0.369607100327209,0.504602485376942,Técnicos y profesionales asociados,Physical and engineering science technicians not elsewhere classified
Costa Rica,Resto,5312,795.25,10,0.2166666666666667,0.3166666666666666,0.5333333333333334,Servicios y ventas,Teachers' aides
Costa Rica,Resto,3412,792.5,3,0.2,0.35,0.55,Técnicos y profesionales asociados,Social work associate professionals
Costa Rica,Resto,3258,779.75,8,0.1217948717948718,0.1810897435897436,0.3028846153846154,Técnicos y profesionales asociados,Ambulance workers
Costa Rica,Resto,2632,749.25,3,0.1290598290598291,0.4961538461538461,0.6252136752136752,Profesionales e ingeniería,"Sociologists, anthropologists and related professionals"
Costa Rica,Resto,8350,747.75,23,0.0178571428571428,0.0267857142857142,0.0446428571428571,Operadores de planta y máquinas,Ships' deck crews and related workers
Costa Rica,Resto,4223,731.75,16,0.700657894736842,0.7689144736842105,1.0,Apoyo administrativo,Telephone switchboard operators
Costa Rica,Resto,1349,723.5,15,0.1261224779766979,0.4600348110258596,0.5861572890025576,Dirección y gerencia,Professional services managers not elsewhere classified
Costa Rica,Resto,7113,723.5,14,0.0,0.0208333333333333,0.0208333333333333,Oficios y artesanía,"Stonemasons, stone cutters, splitters and carvers"
Costa Rica,Resto,2655,694.25,2,0.1578947368421053,0.1842105263157895,0.3421052631578948,Profesionales e ingeniería,Actors
Costa Rica,Resto,4132,688.0,14,0.7777777777777778,0.8333333333333334,1.0,Apoyo administrativo,Data entry clerks
Costa Rica,Resto,4411,671.5,3,0.3666666666666667,0.5508658008658008,0.9175324675324676,Apoyo administrativo,Library clerks
Costa Rica,Resto,2643,666.75,10,0.4866310160427807,0.7025401069518716,1.0,Profesionales e ingeniería,"Translators, interpreters and other linguists"
Costa Rica,Resto,3354,660.0,6,0.3066666666666666,0.6000000000000001,0.9066666666666668,Técnicos y profesionales asociados,Government licensing officials
Costa Rica,Resto,1321,649.25,4,0.0683760683760683,0.4102564102564102,0.4786324786324786,Dirección y gerencia,Manufacturing managers
Costa Rica,Resto,6123,644.75,17,0.1083333333333333,0.2145833333333333,0.3229166666666666,Agropecuario calificado,Apiarists and sericulturists
Costa Rica,Resto,2145,641.5,6,0.0769230769230769,0.4615384615384616,0.5384615384615385,Profesionales e ingeniería,Chemical engineers
Costa Rica,Resto,7536,639.75,22,0.0,0.074074074074074,0.074074074074074,Oficios y artesanía,Shoemakers and related workers
Costa Rica,Resto,2621,590.75,5,0.1051282051282051,0.5,0.6051282051282051,Profesionales e ingeniería,Archivists and curators
Costa Rica,Resto,2636,587.0,12,0.1741854636591479,0.3771929824561403,0.5513784461152882,Profesionales e ingeniería,Religious professionals
Costa Rica,Resto,7544,582.0,18,0.092063492063492,0.2023809523809524,0.2944444444444444,Oficios y artesanía,Fumigators and other pest and weed controllers
Costa Rica,Resto,7313,546.0,11,0.0384615384615384,0.1730769230769231,0.2115384615384615,Oficios y artesanía,Jewellery and precious-metal workers
Costa Rica,Resto,9215,546.0,17,0.0476190476190476,0.0476190476190476,0.0952380952380952,Ocupaciones elementales,Forestry labourers
Costa Rica,Resto,8181,533.75,2,0.0729931476565503,0.0807450856410464,0.1537382332975967,Operadores de planta y máquinas,Glass and ceramics plant operators
Costa Rica,Resto,2633,504.75,2,0.1017316017316017,0.5075757575757576,0.6093073593073592,Profesionales e ingeniería,"Philosophers, historians and political scientists"
Costa Rica,Resto,3251,465.75,4,0.0902777777777777,0.2083333333333333,0.2986111111111111,Técnicos y profesionales asociados,Dental assistants and therapists
Costa Rica,Resto,3131,462.5,16,0.1134057971014492,0.3,0.4134057971014492,Técnicos y profesionales asociados,Power production plant operators
Costa Rica,Resto,2266,445.25,3,0.1515151515151515,0.4564393939393939,0.6079545454545454,Profesionales e ingeniería,Audiologists and speech therapists
Costa Rica,Resto,2144,443.0,2,0.1351567209162146,0.4815275266224633,0.616684247538678,Profesionales e ingeniería,Mechanical engineers
Costa Rica,Resto,2529,404.5,4,0.4354952627045649,0.693348406546081,1.0,Profesionales e ingeniería,Database and network professionals not elsewhere classified
Costa Rica,Resto,6129,401.75,14,0.1083333333333333,0.2145833333333333,0.3229166666666666,Agropecuario calificado,Animal producers not elsewhere classified
Costa Rica,Resto,3132,396.5,14,0.1044642857142857,0.2111372180451127,0.3156015037593984,Técnicos y profesionales asociados,Incinerator and water treatment plant operators
Costa Rica,Resto,3421,388.25,12,0.0,0.0,0.0,Técnicos y profesionales asociados,Athletes and sports players
Costa Rica,Resto,7232,378.5,7,0.062200956937799,0.2816985645933014,0.3438995215311004,Oficios y artesanía,Aircraft engine mechanics and repairers
Costa Rica,Resto,7213,368.0,11,0.0,0.0782563025210083,0.0782563025210083,Oficios y artesanía,Sheet-metal workers
Costa Rica,Resto,5411,361.0,10,0.1666666666666666,0.2833333333333333,0.4499999999999999,Servicios y ventas,Fire-fighters
Costa Rica,Resto,8211,351.25,3,0.0,0.05,0.05,Operadores de planta y máquinas,Mechanical machinery assemblers
Costa Rica,Resto,7323,350.5,4,0.0384615384615384,0.0769230769230769,0.1153846153846153,Oficios y artesanía,Print finishing and binding workers
Costa Rica,Resto,5249,347.5,12,0.25,0.53125,0.78125,Servicios y ventas,Sales workers not elsewhere classified
Costa Rica,Resto,3256,346.75,6,0.125,0.35,0.475,Técnicos y profesionales asociados,Medical assistants
Costa Rica,Resto,2654,344.25,1,0.0899794831499912,0.4899598393574297,0.579939322507421,Profesionales e ingeniería,"Film, stage and related directors and producers"
Costa Rica,Resto,3254,332.75,2,0.0952380952380952,0.2857142857142857,0.3809523809523809,Técnicos y profesionales asociados,Dispensing opticians
Costa Rica,Resto,2153,327.75,2,0.3333333333333333,0.6071428571428571,0.9404761904761904,Profesionales e ingeniería,Telecommunications engineers
Costa Rica,Resto,3353,324.5,4,0.3125490196078431,0.5965686274509805,0.9091176470588236,Técnicos y profesionales asociados,Government social benefits officials
Costa Rica,Resto,3153,297.0,9,0.0956017666543982,0.3011593669488406,0.3967611336032388,Técnicos y profesionales asociados,Aircraft pilots and related associate professionals
Costa Rica,Resto,2152,293.75,1,0.4166666666666666,0.6507936507936507,1.0,Profesionales e ingeniería,Electronics engineers
Costa Rica,Resto,7234,289.0,9,0.0227272727272727,0.2627840909090909,0.2855113636363636,Oficios y artesanía,Bicycle and related repairers
Costa Rica,Resto,7312,287.75,1,0.0227272727272727,0.2226658476658476,0.2453931203931204,Oficios y artesanía,Musical instrument makers and tuners
Costa Rica,Resto,6223,286.0,9,0.0666666666666666,0.1666666666666666,0.2333333333333333,Agropecuario calificado,Deep-sea fishery workers
Costa Rica,Resto,3433,283.25,1,0.1461538461538461,0.3626984126984127,0.5088522588522589,Técnicos y profesionales asociados,"Gallery, museum and library technicians"
Costa Rica,Resto,8121,283.25,9,0.0651551956815114,0.0885981781376518,0.1537533738191633,Operadores de planta y máquinas,Metal processing plant operators
Costa Rica,Resto,3114,273.25,5,0.2,0.4166666666666667,0.6166666666666667,Técnicos y profesionales asociados,Electronics engineering technicians
Costa Rica,Resto,2653,264.5,1,0.0277777777777777,0.1567460317460317,0.1845238095238095,Profesionales e ingeniería,Dancers and choreographers
Costa Rica,Resto,2163,263.25,2,0.0,0.4352941176470588,0.4352941176470588,Profesionales e ingeniería,Product and garment designers
Costa Rica,Resto,5151,261.75,10,0.1538461538461539,0.2692307692307692,0.4230769230769231,Servicios y ventas,"Cleaning and housekeeping supervisors in offices, hotels and other establishments"
Costa Rica,Resto,4212,256.25,1,0.2763789152024446,0.3468067226890756,0.6231856378915203,Apoyo administrativo,"Bookmakers, croupiers and related gaming workers"
Costa Rica,Resto,2149,252.75,1,0.1888135142325086,0.5258246874168663,0.7146382016493749,Profesionales e ingeniería,Engineering professionals not elsewhere classified
Costa Rica,Resto,1222,233.25,1,0.06875,0.5114583333333333,0.5802083333333333,Dirección y gerencia,Advertising and public relations managers
Costa Rica,Resto,4227,229.25,9,0.4705882352941176,0.6470588235294118,1.0,Apoyo administrativo,Survey and market research interviewers
Costa Rica,Resto,8189,219.75,1,0.0804000089738412,0.1016862408578992,0.1820862498317405,Operadores de planta y máquinas,Stationary plant and machine operators not elsewhere classified
Costa Rica,Resto,9332,214.5,6,0.1111111111111111,0.1388888888888889,0.25,Ocupaciones elementales,Drivers of animal-drawn vehicles and machinery
Costa Rica,Resto,2120,211.75,1,0.3863636363636363,0.6931818181818181,1.0,Profesionales e ingeniería,"Mathematicians, actuaries and statisticians"
Costa Rica,Resto,7315,204.75,6,0.0205426356589147,0.0360465116279069,0.0565891472868217,Oficios y artesanía,"Glass makers, cutters, grinders and finishers"
Costa Rica,Resto,3111,200.25,8,0.1409722222222222,0.4475694444444444,0.5885416666666667,Técnicos y profesionales asociados,Chemical and physical science technicians
Costa Rica,Resto,1311,160.0,5,0.0333333333333333,0.3833333333333334,0.4166666666666667,Dirección y gerencia,Agricultural and forestry production managers
Costa Rica,Resto,8172,152.25,3,0.0,0.0625,0.0625,Operadores de planta y máquinas,Wood processing plant operators
Costa Rica,Resto,3134,151.5,4,0.1273978214767688,0.1979076296510507,0.3253054511278195,Técnicos y profesionales asociados,Petroleum and natural gas refining plant operators
Costa Rica,Resto,8113,147.75,5,0.0330143540669856,0.03995879851143,0.0729731525784157,Operadores de planta y máquinas,Well drillers and borers and related workers
Costa Rica,Resto,2519,146.75,5,0.5376571920757967,0.761696813092162,1.0,Profesionales e ingeniería,Software and applications developers and analysts not elsewhere classified
Costa Rica,Resto,6221,143.5,4,0.1083333333333333,0.2145833333333333,0.3229166666666666,Agropecuario calificado,Aquaculture workers
Costa Rica,Resto,8141,143.0,2,0.0570153360851035,0.0706654877534554,0.1276808238385589,Operadores de planta y máquinas,Rubber products machine operators
Costa Rica,Resto,5152,141.75,6,0.0769230769230769,0.1554487179487179,0.2323717948717949,Servicios y ventas,Domestic housekeepers
Costa Rica,Resto,7221,139.75,4,0.0,0.0384615384615384,0.0384615384615384,Oficios y artesanía,"Blacksmiths, hammersmiths and forging press workers"
Costa Rica,Resto,1420,127.0,3,0.0,0.4705882352941176,0.4705882352941176,Dirección y gerencia,Retail and wholesale trade managers
Costa Rica,Resto,8311,123.0,4,0.1756702361965519,0.2373623452570821,0.4130325814536341,Operadores de planta y máquinas,Locomotive engine drivers
Costa Rica,Resto,1411,122.25,4,0.0416666666666666,0.4583333333333333,0.5,Dirección y gerencia,Hotel managers
Costa Rica,Resto,3342,116.0,4,0.3571428571428572,0.6785714285714286,1.0,Técnicos y profesionales asociados,Legal secretaries
Costa Rica,Resto,7121,109.25,2,0.0,0.0357142857142857,0.0357142857142857,Oficios y artesanía,Roofers
Costa Rica,Resto,2263,107.5,4,0.1488095238095238,0.4322916666666666,0.5811011904761905,Profesionales e ingeniería,Environmental and occupational health and hygiene professionals
Costa Rica,Resto,8114,106.5,2,0.0579716336295283,0.0887517088174982,0.1467233424470266,Operadores de planta y máquinas,"Cement, stone and other mineral products machine operators"
Costa Rica,Resto,1112,106.0,4,0.0408163265306122,0.457809210640778,0.4986255371713903,Dirección y gerencia,Senior government officials
Costa Rica,Resto,5165,95.0,3,0.1666666666666667,0.3666666666666666,0.5333333333333333,Servicios y ventas,Driving instructors
Costa Rica,Resto,5169,88.0,3,0.0759691340651093,0.2282714138286893,0.3042405478937987,Servicios y ventas,Personal services workers not elsewhere classified
Costa Rica,Resto,1219,82.5,1,0.1428751786008819,0.4929530629099043,0.6358282415107863,Dirección y gerencia,Business services and administration managers not elsewhere classified
Costa Rica,Resto,7224,77.5,3,0.025,0.0388888888888888,0.0638888888888888,Oficios y artesanía,"Metal polishers, wheel grinders and tool sharpeners"
Costa Rica,Resto,8212,77.5,1,0.0481283422459893,0.1080162974280621,0.1561446396740514,Operadores de planta y máquinas,Electrical and electronic equipment assemblers
Costa Rica,Resto,4412,70.5,3,0.1722004162166433,0.2472954699121027,0.4194958861287461,Apoyo administrativo,Mail carriers and sorting clerks
Costa Rica,Resto,1114,70.0,3,0.0878741593255659,0.4956243487733258,0.5834985080988917,Dirección y gerencia,Senior officials of special-interest organizations
Costa Rica,Resto,2269,69.0,2,0.1078168907116275,0.3620063416116048,0.4698232323232323,Profesionales e ingeniería,Health professionals not elsewhere classified
Costa Rica,Resto,3135,69.0,2,0.0666666666666666,0.1,0.1666666666666666,Técnicos y profesionales asociados,Metal production process controllers
Costa Rica,Resto,2114,68.75,2,0.106875,0.484375,0.59125,Profesionales e ingeniería,Geologists and geophysicists
Costa Rica,Resto,7122,59.75,2,0.01,0.0584821428571428,0.0684821428571428,Oficios y artesanía,Floor layers and tile setters
Costa Rica,Resto,1111,57.5,2,0.0333333333333333,0.4,0.4333333333333333,Dirección y gerencia,Legislators
Costa Rica,Resto,2111,57.5,2,0.2627450980392157,0.5705882352941176,0.8333333333333333,Profesionales e ingeniería,Physicists and astronomers
Costa Rica,Resto,8112,54.25,2,0.0909090909090909,0.0909090909090909,0.1818181818181818,Operadores de planta y máquinas,Mineral and stone processing plant operators
Costa Rica,Resto,7514,53.25,2,0.1176470588235294,0.1176470588235294,0.2352941176470588,Oficios y artesanía,"Fruit, vegetable and related preservers"
Costa Rica,Resto,2434,46.75,2,0.1243839758125472,0.5193272864701436,0.6437112622826908,Profesionales e ingeniería,Information and communications technology sales professionals
Costa Rica,Resto,4413,46.5,1,0.9090909090909092,0.9545454545454546,1.0,Apoyo administrativo,"Coding, proof-reading and related clerks"
Costa Rica,Resto,7521,46.5,1,0.0849673202614379,0.0849673202614379,0.1699346405228758,Oficios y artesanía,Wood treaters
Costa Rica,Resto,2240,44.5,2,0.0,0.25,0.25,Profesionales e ingeniería,Paramedical practitioners
Costa Rica,Resto,2133,38.5,1,0.0540047581284694,0.4756938937351309,0.5296986518636003,Profesionales e ingeniería,Environmental protection professionals
Costa Rica,Resto,4213,38.5,1,0.2696304101577935,0.46885894587720145,0.7384893560349949,Apoyo administrativo,Pawnbrokers and money-lenders
Costa Rica,Resto,8182,36.25,1,0.12,0.14,0.26,Operadores de planta y máquinas,Steam engine and boiler operators
Costa Rica,Resto,7541,36.0,1,0.0,0.06,0.06,Oficios y artesanía,Underwater divers
Costa Rica,Resto,8111,34.25,1,0.0226190476190476,0.0388227513227513,0.0614417989417989,Operadores de planta y máquinas,Miners and quarriers
Costa Rica,Resto,3214,33.25,1,0.0666666666666666,0.1725044563279857,0.2391711229946523,Técnicos y profesionales asociados,Medical and dental prosthetic technicians
Costa Rica,Resto,8219,32.75,1,0.1818181818181818,0.2272727272727273,0.409090909090909,Operadores de planta y máquinas,Assemblers not elsewhere classified
Costa Rica,Resto,6114,31.75,1,0.0666666666666666,0.1416666666666666,0.2083333333333333,Agropecuario calificado,Mixed crop growers
Costa Rica,Resto,2652,30.0,1,0.3833333333333333,0.5666666666666667,0.95,Profesionales e ingeniería,"Musicians, singers and composers"
Costa Rica,Resto,3315,29.25,1,0.063847837985769,0.5233990147783251,0.587246852764094,Técnicos y profesionales asociados,Valuers and loss assessors
Costa Rica,Resto,7215,27.5,1,0.0,0.0,0.0,Oficios y artesanía,Riggers and cable splicers
Costa Rica,Resto,2146,27.0,1,0.1382203243616287,0.4792906746031746,0.6175109989648033,Profesionales e ingeniería,"Mining engineers, metallurgists and related professionals"
Costa Rica,Resto,9623,27.0,1,0.3117408906882591,0.3694331983805667,0.6811740890688258,Ocupaciones elementales,Meter readers and vending-machine collectors
Costa Rica,Resto,2355,26.75,1,0.1922514619883041,0.4051900584795321,0.5974415204678363,Profesionales e ingeniería,Other arts teachers
Costa Rica,Resto,7549,26.75,1,0.03125,0.1354166666666666,0.1666666666666666,Oficios y artesanía,Craft and related workers not elsewhere classified
Costa Rica,Resto,2651,24.75,1,0.0,0.3364583333333333,0.3364583333333333,Profesionales e ingeniería,Visual artists
Costa Rica,Resto,1322,24.25,1,0.1261224779766979,0.4600348110258596,0.5861572890025576,Dirección y gerencia,Mining managers
Costa Rica,Resto,3351,23.75,1,0.1450948509485094,0.3821815718157181,0.5272764227642276,Técnicos y profesionales asociados,Customs and border inspectors
Costa Rica,Resto,7533,23.75,1,0.0138888888888888,0.0930674264007597,0.1069563152896486,Oficios y artesanía,"Sewing, embroidery and related workers"
Costa Rica,Resto,3339,21.5,1,0.1270820449391878,0.5417519247488192,0.668833969688007,Técnicos y profesionales asociados,Business services agents not elsewhere classified
El Salvador,Cables y aparatos eléctricos,3122,379.04233153960996,1,0.15,0.4,0.55,Técnicos y profesionales asociados,Manufacturing supervisors
El Salvador,Cables y aparatos eléctricos,4321,379.04233153960996,1,0.1999999999999999,0.3414141414141414,0.5414141414141413,Apoyo administrativo,Stock clerks
El Salvador,Cables y aparatos eléctricos,4322,379.04233153960996,1,0.2941176470588235,0.6176470588235294,0.9117647058823528,Apoyo administrativo,Production clerks
El Salvador,Cables y aparatos eléctricos,8219,347.70679277958664,1,0.1818181818181818,0.2272727272727273,0.409090909090909,Operadores de planta y máquinas,Assemblers not elsewhere classified
El Salvador,Cables y aparatos eléctricos,1120,218.74477551278642,1,0.0612244897959183,0.4801920768307323,0.5414165666266506,Dirección y gerencia,Managing directors and chief executives
El Salvador,Cables y aparatos eléctricos,7115,151.583671123739,1,0.0344827586206896,0.1379310344827586,0.1724137931034482,Oficios y artesanía,Carpenters and joiners
El Salvador,Cables y aparatos eléctricos,9622,132.26067949314904,1,0.0249999999999999,0.1048611111111111,0.1298611111111111,Ocupaciones elementales,Odd job persons
El Salvador,Cables y aparatos eléctricos,7233,128.22140955206973,1,0.065213644380311,0.1366683202733927,0.2018819646537037,Oficios y artesanía,Agricultural and industrial machinery mechanics and repairers
El Salvador,Cables y aparatos eléctricos,7412,111.53031854314654,1,0.1220976314834875,0.1976393829495566,0.3197370144330442,Oficios y artesanía,Electrical mechanics and fitters
El Salvador,Cables y aparatos eléctricos,7411,96.80991337866429,1,0.0476190476190476,0.1291208791208791,0.1767399267399267,Oficios y artesanía,Building and related electricians
El Salvador,Cables y aparatos eléctricos,8212,79.21108354923417,2,0.0481283422459893,0.1080162974280621,0.1561446396740514,Operadores de planta y máquinas,Electrical and electronic equipment assemblers
El Salvador,Cables y aparatos eléctricos,8153,61.19646300338303,1,0.0384615384615384,0.0769230769230769,0.1153846153846153,Operadores de planta y máquinas,Sewing machine operators
El Salvador,Cables y aparatos eléctricos,7212,57.86958840115555,1,0.067816091954023,0.0847701149425287,0.1525862068965517,Oficios y artesanía,Welders and flamecutters
El Salvador,Cables y aparatos eléctricos,4311,46.205238629931245,1,0.6333333333333333,0.7833333333333333,1.0,Apoyo administrativo,Accounting and bookkeeping clerks
El Salvador,Dispositivos médicos,5223,712.7744918655574,4,0.1414473684210526,0.3453947368421052,0.4868421052631579,Servicios y ventas,Shop sales assistants
El Salvador,Dispositivos médicos,2267,590.3433174261379,3,0.0,0.3,0.3,Profesionales e ingeniería,Optometrists and ophthalmic opticians
El Salvador,Dispositivos médicos,3214,439.8684655031945,4,0.0666666666666666,0.1725044563279857,0.2391711229946523,Técnicos y profesionales asociados,Medical and dental prosthetic technicians
El Salvador,Dispositivos médicos,4226,379.04233153960996,1,0.2105263157894737,0.5263157894736842,0.7368421052631579,Apoyo administrativo,Receptionists (general)
El Salvador,Dispositivos médicos,4416,192.61301948350976,1,0.2631578947368421,0.6052631578947368,0.868421052631579,Apoyo administrativo,Personnel clerks
El Salvador,Dispositivos médicos,5242,107.56789469593198,1,0.0833333333333333,0.1666666666666667,0.25,Servicios y ventas,Sales demonstrators
El Salvador,Dispositivos médicos,5211,106.9729423580948,2,0.1666666666666667,0.25,0.4166666666666667,Servicios y ventas,Stall and market salespersons
El Salvador,Dispositivos médicos,3251,99.35974191922357,2,0.0902777777777777,0.2083333333333333,0.2986111111111111,Técnicos y profesionales asociados,Dental assistants and therapists
El Salvador,Dispositivos médicos,8159,85.48478973846186,1,0.08011274179037335,0.09937022042285198,0.17948296221322532,Operadores de planta y máquinas,"Textile, fur and leather products machine operators not elsewhere classified"
El Salvador,Dispositivos médicos,5221,54.4665839533331,1,0.0,0.4705882352941176,0.4705882352941176,Servicios y ventas,Shopkeepers
El Salvador,Dispositivos médicos,1219,40.817659690090395,1,0.1428751786008819,0.4929530629099043,0.6358282415107863,Dirección y gerencia,Business services and administration managers not elsewhere classified
El Salvador,Dispositivos médicos,2411,36.65667637404027,1,0.1423076923076923,0.5583333333333333,0.7006410256410257,Profesionales e ingeniería,Accountants
El Salvador,Electrónicos,8183,506.40728450590825,2,0.0,0.0,0.0,Operadores de planta y máquinas,"Packing, bottling and labelling machine operators"
El Salvador,Electrónicos,8211,468.61238298012,2,0.0,0.05,0.05,Operadores de planta y máquinas,Mechanical machinery assemblers
El Salvador,Electrónicos,8153,344.26981101163517,3,0.0384615384615384,0.0769230769230769,0.1153846153846153,Operadores de planta y máquinas,Sewing machine operators
El Salvador,Electrónicos,8212,341.2871914514688,4,0.0481283422459893,0.1080162974280621,0.1561446396740514,Operadores de planta y máquinas,Electrical and electronic equipment assemblers
El Salvador,Electrónicos,7233,286.1448754721912,1,0.065213644380311,0.1366683202733927,0.2018819646537037,Oficios y artesanía,Agricultural and industrial machinery mechanics and repairers
El Salvador,Electrónicos,3122,256.2571575829858,1,0.15,0.4,0.55,Técnicos y profesionales asociados,Manufacturing supervisors
El Salvador,Electrónicos,5223,193.29747549429175,1,0.1414473684210526,0.3453947368421052,0.4868421052631579,Servicios y ventas,Shop sales assistants
El Salvador,Electrónicos,3513,148.45430200848566,1,0.4615384615384616,0.6346153846153846,1.0,Técnicos y profesionales asociados,Computer network and systems technicians
El Salvador,Electrónicos,9329,146.6261636055994,1,0.160472442182001,0.1878502335763364,0.3483226757583375,Ocupaciones elementales,Manufacturing labourers not elsewhere classified
El Salvador,Electrónicos,8219,70.46996589662973,1,0.1818181818181818,0.2272727272727273,0.409090909090909,Operadores de planta y máquinas,Assemblers not elsewhere classified
El Salvador,Electrónicos,9520,65.15993063589723,1,0.1666666666666667,0.25,0.4166666666666667,Ocupaciones elementales,Street vendors (excluding food)
El Salvador,Electrónicos,2211,37.69917955209877,1,0.0096152259866079,0.4407874326947311,0.450402658681339,Profesionales e ingeniería,Generalist medical practitioners
El Salvador,Electrónicos,3221,37.69917955209877,1,0.0869565217391304,0.2391304347826087,0.3260869565217391,Técnicos y profesionales asociados,Nursing associate professionals
El Salvador,Resto,5221,197142.98075081233,1716,0.0,0.4705882352941176,0.4705882352941176,Servicios y ventas,Shopkeepers
El Salvador,Resto,9211,176552.65227545536,1671,0.0666666666666666,0.15,0.2166666666666666,Ocupaciones elementales,Crop farm labourers
El Salvador,Resto,9313,149982.7440747437,1425,0.0059523809523809,0.0104166666666666,0.0163690476190476,Ocupaciones elementales,Building construction labourers
El Salvador,Resto,9111,147268.08321815607,1246,0.0,0.0,0.0,Ocupaciones elementales,Domestic cleaners and helpers
El Salvador,Resto,6111,139641.52430700493,1476,0.0666666666666666,0.1416666666666666,0.2083333333333333,Agropecuario calificado,Field crop and vegetable growers
El Salvador,Resto,5120,94207.29617834697,786,0.0909954751131221,0.206447963800905,0.2974434389140272,Servicios y ventas,Cooks
El Salvador,Resto,7512,92949.11926252148,799,0.1666666666666667,0.2777777777777778,0.4444444444444445,Oficios y artesanía,"Bakers, pastry-cooks and confectionery makers"
El Salvador,Resto,5211,89357.36639936574,814,0.1666666666666667,0.25,0.4166666666666667,Servicios y ventas,Stall and market salespersons
El Salvador,Resto,5223,89337.2390136141,822,0.1414473684210526,0.3453947368421052,0.4868421052631579,Servicios y ventas,Shop sales assistants
El Salvador,Resto,7112,73770.4075348385,674,0.0,0.0178571428571428,0.0178571428571428,Oficios y artesanía,Bricklayers and related workers
El Salvador,Resto,8322,60711.06466288925,495,0.1575025851341641,0.2663797277284119,0.423882312862576,Operadores de planta y máquinas,"Car, taxi and van drivers"
El Salvador,Resto,5414,56927.30062530907,447,0.1577380952380952,0.3135874542124542,0.4713255494505494,Servicios y ventas,Security guards
El Salvador,Resto,7231,54245.775860794514,434,0.0357391627979863,0.0869469550057785,0.1226861178037648,Oficios y artesanía,Motor vehicle mechanics and repairers
El Salvador,Resto,5246,50071.46664155957,415,0.0425531914893617,0.0709219858156028,0.1134751773049645,Servicios y ventas,Food service counter attendants
El Salvador,Resto,5212,48815.781918067456,437,0.119047619047619,0.1964285714285714,0.3154761904761904,Servicios y ventas,Street food salespersons
El Salvador,Resto,4222,44274.36774226091,292,0.1719298245614035,0.5464912280701755,0.718421052631579,Apoyo administrativo,Contact centre information clerks
El Salvador,Resto,8153,41334.34132040364,346,0.0384615384615384,0.0769230769230769,0.1153846153846153,Operadores de planta y máquinas,Sewing machine operators
El Salvador,Resto,8332,37924.85006216768,317,0.1278939651180738,0.2842452538972063,0.4121392190152801,Operadores de planta y máquinas,Heavy truck and lorry drivers
El Salvador,Resto,4321,37139.814235163736,283,0.1999999999999999,0.3414141414141414,0.5414141414141413,Apoyo administrativo,Stock clerks
El Salvador,Resto,9333,33627.70734780573,278,0.0942408189048726,0.1890989749332414,0.2833397938381141,Ocupaciones elementales,Freight handlers
El Salvador,Resto,6130,30506.041073908127,326,0.0722222222222222,0.1430555555555555,0.2152777777777777,Agropecuario calificado,Mixed crop and animal producers
El Salvador,Resto,5412,28306.347176178686,228,0.0977932636469221,0.2932926829268292,0.3910859465737514,Servicios y ventas,Police officers
El Salvador,Resto,9112,28135.458824212456,232,0.0158730158730158,0.0238095238095238,0.0396825396825396,Ocupaciones elementales,"Cleaners and helpers in offices, hotels and other establishments"
El Salvador,Resto,5230,26501.79604894139,197,0.1862068965517241,0.2373563218390804,0.4235632183908046,Servicios y ventas,Cashiers and ticket clerks
El Salvador,Resto,2341,26234.17402519705,249,0.069172932330827,0.3298872180451128,0.3990601503759398,Profesionales e ingeniería,Primary school teachers
El Salvador,Resto,9520,25568.05709364133,223,0.1666666666666667,0.25,0.4166666666666667,Ocupaciones elementales,Street vendors (excluding food)
El Salvador,Resto,5242,25108.62297805871,205,0.0833333333333333,0.1666666666666667,0.25,Servicios y ventas,Sales demonstrators
El Salvador,Resto,2330,23654.958493979495,188,0.03125,0.328125,0.359375,Profesionales e ingeniería,Secondary education teachers
El Salvador,Resto,6121,22961.186077774313,238,0.1083333333333333,0.2145833333333333,0.3229166666666666,Agropecuario calificado,Livestock and dairy producers
El Salvador,Resto,7212,22951.15636720322,205,0.067816091954023,0.0847701149425287,0.1525862068965517,Oficios y artesanía,Welders and flamecutters
El Salvador,Resto,9621,22485.184328373587,144,0.1764705882352941,0.25,0.4264705882352941,Ocupaciones elementales,"Messengers, package deliverers and luggage porters"
El Salvador,Resto,7533,22287.464040177183,194,0.0138888888888888,0.0930674264007597,0.1069563152896486,Oficios y artesanía,"Sewing, embroidery and related workers"
El Salvador,Resto,3343,19495.25924451691,156,0.6461038961038961,0.8003246753246753,1.0,Técnicos y profesionales asociados,Administrative and executive secretaries
El Salvador,Resto,9321,19160.27990667041,135,0.0833333333333333,0.0833333333333333,0.1666666666666666,Ocupaciones elementales,Hand packers
El Salvador,Resto,5249,19107.380233442673,187,0.25,0.53125,0.78125,Servicios y ventas,Sales workers not elsewhere classified
El Salvador,Resto,5131,19101.811338592463,164,0.0757142857142857,0.1614285714285714,0.2371428571428571,Servicios y ventas,Waiters
El Salvador,Resto,7411,19049.306576818857,146,0.0476190476190476,0.1291208791208791,0.1767399267399267,Oficios y artesanía,Building and related electricians
El Salvador,Resto,8331,18892.037230807164,160,0.2385942360013567,0.3158299324514494,0.5544241684528062,Operadores de planta y máquinas,Bus and tram drivers
El Salvador,Resto,6122,18728.552562109402,201,0.1083333333333333,0.2145833333333333,0.3229166666666666,Agropecuario calificado,Poultry producers
El Salvador,Resto,5142,18526.060485727696,151,0.0935999240784541,0.2154475952598176,0.3090475193382718,Servicios y ventas,Beauticians and related workers
El Salvador,Resto,7115,18013.441602184805,153,0.0344827586206896,0.1379310344827586,0.1724137931034482,Oficios y artesanía,Carpenters and joiners
El Salvador,Resto,4120,17788.291817069763,161,0.34375,0.625,0.96875,Apoyo administrativo,Secretaries (general)
El Salvador,Resto,2221,17399.3618479714,157,0.0342434892313237,0.3425700639812563,0.37681355321258,Profesionales e ingeniería,Nursing professionals
El Salvador,Resto,8321,16462.64877992761,152,0.1648958626512806,0.3103363354911342,0.4752321981424148,Operadores de planta y máquinas,Motorcycle drivers
El Salvador,Resto,5311,16451.647543848463,131,0.1115137442536823,0.2570421709353597,0.368555915189042,Servicios y ventas,Child care workers
El Salvador,Resto,9121,16251.971673722657,171,0.0,0.0178571428571428,0.0178571428571428,Ocupaciones elementales,Hand launderers and pressers
El Salvador,Resto,2411,15233.583178021294,128,0.1423076923076923,0.5583333333333333,0.7006410256410257,Profesionales e ingeniería,Accountants
El Salvador,Resto,0310,13315.134616954512,112,0.0652173913043478,0.2391304347826087,0.3043478260869565,Fuerzas armadas,"Armed forces occupations, other ranks"
El Salvador,Resto,2611,13204.93691431955,106,0.0,0.4318181818181818,0.4318181818181818,Profesionales e ingeniería,Lawyers
El Salvador,Resto,9412,12900.180820165382,117,0.010752688172043,0.0161290322580645,0.0268817204301075,Ocupaciones elementales,Kitchen helpers
El Salvador,Resto,4311,12858.949544728472,94,0.6333333333333333,0.7833333333333333,1.0,Apoyo administrativo,Accounting and bookkeeping clerks
El Salvador,Resto,9214,12283.897398779918,102,0.0333333333333333,0.0935185185185185,0.1268518518518518,Ocupaciones elementales,Garden and horticultural labourers
El Salvador,Resto,5153,11605.956360774891,90,0.0,0.0,0.0,Servicios y ventas,Building caretakers
El Salvador,Resto,9622,11433.652094747416,102,0.0249999999999999,0.1048611111111111,0.1298611111111111,Ocupaciones elementales,Odd job persons
El Salvador,Resto,8160,11235.0029692918,104,0.0743414418398938,0.0783414418398938,0.1526828836797877,Operadores de planta y máquinas,Food and related products machine operators
El Salvador,Resto,3434,11147.0245073612,91,0.1437728937728937,0.3809523809523809,0.5247252747252746,Técnicos y profesionales asociados,Chefs
El Salvador,Resto,7233,10597.62811132538,67,0.065213644380311,0.1366683202733927,0.2018819646537037,Oficios y artesanía,Agricultural and industrial machinery mechanics and repairers
El Salvador,Resto,5141,10446.907277407667,89,0.0842897952468554,0.2021914868159315,0.286481282062787,Servicios y ventas,Hairdressers
El Salvador,Resto,7132,10212.291491126018,81,0.0333333333333333,0.05,0.0833333333333333,Oficios y artesanía,Spray painters and varnishers
El Salvador,Resto,2211,9951.029620088484,71,0.0096152259866079,0.4407874326947311,0.450402658681339,Profesionales e ingeniería,Generalist medical practitioners
El Salvador,Resto,7318,9610.433822241755,125,0.0,0.074074074074074,0.074074074074074,Oficios y artesanía,"Handicraft workers in textile, leather and related materials"
El Salvador,Resto,3122,9595.024761863235,71,0.15,0.4,0.55,Técnicos y profesionales asociados,Manufacturing supervisors
El Salvador,Resto,5329,9521.778927489226,63,0.1357242310539776,0.2086135204940099,0.3443377515479876,Servicios y ventas,Personal care workers in health services not elsewhere classified
El Salvador,Resto,4225,9092.1201184387,77,0.581453634085213,0.7393483709273183,1.0,Apoyo administrativo,Enquiry clerks
El Salvador,Resto,2166,8314.23473947286,51,0.0357142857142857,0.5178571428571428,0.5535714285714285,Profesionales e ingeniería,Graphic and multimedia designers
El Salvador,Resto,7319,8239.720349481973,67,0.0,0.2666666666666667,0.2666666666666667,Oficios y artesanía,Handicraft workers not elsewhere classified
El Salvador,Resto,2433,8184.601971833275,62,0.1065759637188208,0.5189909297052154,0.6255668934240363,Profesionales e ingeniería,Technical and medical sales professionals (excluding ICT)
El Salvador,Resto,9611,7648.472842314302,57,0.1409988038277512,0.2726525119617224,0.4136513157894737,Ocupaciones elementales,Garbage and recycling collectors
El Salvador,Resto,7422,7643.869960794056,66,0.1486580086580086,0.2455844155844156,0.3942424242424243,Oficios y artesanía,Information and communications technology installers and servicers
El Salvador,Resto,8142,7329.30223717634,46,0.0602166230455704,0.0904467337250812,0.1506633567706516,Operadores de planta y máquinas,Plastic products machine operators
El Salvador,Resto,3212,7089.058988280758,53,0.0733333333333333,0.271159420289855,0.3444927536231884,Técnicos y profesionales asociados,Medical and pathology laboratory technicians
El Salvador,Resto,4226,7078.083765737115,45,0.2105263157894737,0.5263157894736842,0.7368421052631579,Apoyo administrativo,Receptionists (general)
El Salvador,Resto,5245,7034.392022992682,60,0.1472488038277512,0.2632775119617224,0.4105263157894736,Servicios y ventas,Service station attendants
El Salvador,Resto,3221,6944.91298732902,61,0.0869565217391304,0.2391304347826087,0.3260869565217391,Técnicos y profesionales asociados,Nursing associate professionals
El Salvador,Resto,2512,6912.458740001608,50,0.7947368421052632,0.8675438596491228,1.0,Profesionales e ingeniería,Software developers
El Salvador,Resto,3513,6592.103635538684,42,0.4615384615384616,0.6346153846153846,1.0,Técnicos y profesionales asociados,Computer network and systems technicians
El Salvador,Resto,1420,6468.384718726972,44,0.0,0.4705882352941176,0.4705882352941176,Dirección y gerencia,Retail and wholesale trade managers
El Salvador,Resto,2212,6401.334006537654,45,0.0421366252337308,0.3755343413821616,0.4176709666158923,Profesionales e ingeniería,Specialist medical practitioners
El Salvador,Resto,2342,6279.524301223242,60,0.0564387917329093,0.2251589825119236,0.281597774244833,Profesionales e ingeniería,Early childhood educators
El Salvador,Resto,1321,6143.750092634999,47,0.0683760683760683,0.4102564102564102,0.4786324786324786,Dirección y gerencia,Manufacturing managers
El Salvador,Resto,7531,6107.25382717257,50,0.0454545454545454,0.0909090909090909,0.1363636363636363,Oficios y artesanía,"Tailors, dressmakers, furriers and hatters"
El Salvador,Resto,3413,5900.118064585005,49,0.1730435156518748,0.3763276143790849,0.5493711300309598,Técnicos y profesionales asociados,Religious associate professionals
El Salvador,Resto,3123,5873.218553035205,48,0.0333333333333333,0.4166666666666667,0.45,Técnicos y profesionales asociados,Construction supervisors
El Salvador,Resto,7127,5685.60620054844,44,0.056060606060606,0.2659090909090909,0.321969696969697,Oficios y artesanía,Air conditioning and refrigeration mechanics
El Salvador,Resto,4214,5644.282874479755,51,0.2714285714285714,0.6,0.8714285714285714,Apoyo administrativo,Debt-collectors and related workers
El Salvador,Resto,9122,5598.136360794884,61,0.0476190476190476,0.0714285714285714,0.119047619047619,Ocupaciones elementales,Vehicle cleaners
El Salvador,Resto,7511,5470.3378778273745,59,0.0333333333333333,0.0541666666666666,0.0875,Oficios y artesanía,"Butchers, fishmongers and related food preparers"
El Salvador,Resto,1219,5365.334544859505,46,0.1428751786008819,0.4929530629099043,0.6358282415107863,Dirección y gerencia,Business services and administration managers not elsewhere classified
El Salvador,Resto,2421,5220.812018584143,40,0.0876232201533406,0.46960569550931,0.5572289156626506,Profesionales e ingeniería,Management and organization analysts
El Salvador,Resto,3132,5183.910989351469,43,0.1044642857142857,0.2111372180451127,0.3156015037593984,Técnicos y profesionales asociados,Incinerator and water treatment plant operators
El Salvador,Resto,4419,5033.386876660366,42,0.6867167919799498,0.831453634085213,1.0,Apoyo administrativo,Clerical support workers not elsewhere classified
El Salvador,Resto,9329,4995.741613567343,42,0.160472442182001,0.1878502335763364,0.3483226757583375,Ocupaciones elementales,Manufacturing labourers not elsewhere classified
El Salvador,Resto,7322,4951.430168744393,46,0.2173913043478261,0.3260869565217391,0.5434782608695652,Oficios y artesanía,Printers
El Salvador,Resto,3322,4927.668919925659,37,0.1892528941401121,0.5691445876596253,0.7583974817997374,Técnicos y profesionales asociados,Commercial sales representatives
El Salvador,Resto,7536,4915.156002758563,30,0.0,0.074074074074074,0.074074074074074,Oficios y artesanía,Shoemakers and related workers
El Salvador,Resto,4416,4656.543020803304,23,0.2631578947368421,0.6052631578947368,0.868421052631579,Apoyo administrativo,Personnel clerks
El Salvador,Resto,2636,4360.326380604373,29,0.1741854636591479,0.3771929824561403,0.5513784461152882,Profesionales e ingeniería,Religious professionals
El Salvador,Resto,9212,4316.460429235746,42,0.0,0.0681818181818181,0.0681818181818181,Ocupaciones elementales,Livestock farm labourers
El Salvador,Resto,6222,4199.531550395554,51,0.0666666666666666,0.1666666666666666,0.2333333333333333,Agropecuario calificado,Inland and coastal waters fishery workers
El Salvador,Resto,8344,4094.8035531672217,41,0.0472488038277512,0.1860047846889952,0.2332535885167464,Operadores de planta y máquinas,Lifting truck operators
El Salvador,Resto,1345,3926.2631445161155,41,0.0328663793103448,0.4436961206896551,0.4765624999999999,Dirección y gerencia,Education managers
El Salvador,Resto,3312,3875.3532161774756,30,0.2304347826086956,0.5960144927536233,0.8264492753623189,Técnicos y profesionales asociados,Credit and loans officers
El Salvador,Resto,6223,3827.3502635284785,56,0.0666666666666666,0.1666666666666666,0.2333333333333333,Agropecuario calificado,Deep-sea fishery workers
El Salvador,Resto,5244,3811.585314982189,22,0.5833333333333334,0.7916666666666666,1.0,Servicios y ventas,Contact centre salespersons
El Salvador,Resto,2310,3807.9874608538958,23,0.1941691997427701,0.4817105886228824,0.6758797883656525,Profesionales e ingeniería,University and higher education teachers
El Salvador,Resto,7513,3784.1916975420527,45,0.0876190476190476,0.1095238095238095,0.1971428571428571,Oficios y artesanía,Dairy-products makers
El Salvador,Resto,4132,3779.309466776239,26,0.7777777777777778,0.8333333333333334,1.0,Apoyo administrativo,Data entry clerks
El Salvador,Resto,3315,3746.1742875223144,35,0.063847837985769,0.5233990147783251,0.587246852764094,Técnicos y profesionales asociados,Valuers and loss assessors
El Salvador,Resto,7314,3734.232433412071,44,0.005813953488372,0.1624031007751938,0.1682170542635659,Oficios y artesanía,Potters and related workers
El Salvador,Resto,3422,3574.636371188894,20,0.1626984126984127,0.3439484126984127,0.5066468253968254,Técnicos y profesionales asociados,"Sports coaches, instructors and officials"
El Salvador,Resto,4323,3561.7364753671422,26,0.3076923076923077,0.6538461538461539,0.9615384615384616,Apoyo administrativo,Transport clerks
El Salvador,Resto,6113,3432.8730653870484,25,0.0604395604395604,0.1382783882783883,0.1987179487179487,Agropecuario calificado,"Gardeners, horticultural and nursery growers"
El Salvador,Resto,2424,3380.1052280562835,21,0.1,0.55,0.65,Profesionales e ingeniería,Training and staff development professionals
El Salvador,Resto,9312,3315.0716852098103,32,0.0,0.0131578947368421,0.0131578947368421,Ocupaciones elementales,Civil engineering labourers
El Salvador,Resto,3253,3260.3846111349644,32,0.0689655172413793,0.3103448275862069,0.3793103448275862,Técnicos y profesionales asociados,Community health workers
El Salvador,Resto,9613,3090.6370761769745,27,0.1642494019138756,0.2457012559808612,0.40995065789473684,Ocupaciones elementales,Sweepers and related labourers
El Salvador,Resto,3251,3084.304753926935,25,0.0902777777777777,0.2083333333333333,0.2986111111111111,Técnicos y profesionales asociados,Dental assistants and therapists
El Salvador,Resto,4110,3056.86880546918,28,0.3220551378446115,0.5883458646616542,0.9104010025062657,Apoyo administrativo,General office clerks
El Salvador,Resto,5413,3047.692219726896,23,0.2048494983277592,0.2663043478260869,0.4711538461538461,Servicios y ventas,Prison guards
El Salvador,Resto,7232,2975.9832055891343,26,0.062200956937799,0.2816985645933014,0.3438995215311004,Oficios y artesanía,Aircraft engine mechanics and repairers
El Salvador,Resto,5222,2973.659182641475,26,0.0952380952380952,0.5,0.5952380952380952,Servicios y ventas,Shop supervisors
El Salvador,Resto,1412,2954.9129680264723,27,0.0714285714285714,0.4285714285714285,0.4999999999999999,Dirección y gerencia,Restaurant managers
El Salvador,Resto,2359,2928.1264825156495,25,0.1383298933608531,0.3762684898520811,0.5145983832129343,Profesionales e ingeniería,Teaching professionals not elsewhere classified
El Salvador,Resto,1211,2921.526222303513,22,0.0,0.4841269841269841,0.4841269841269841,Dirección y gerencia,Finance managers
El Salvador,Resto,3112,2868.0198831618977,19,0.1199999999999999,0.4266666666666666,0.5466666666666666,Técnicos y profesionales asociados,Civil engineering technicians
El Salvador,Resto,8183,2816.064271932963,20,0.0,0.0,0.0,Operadores de planta y máquinas,"Packing, bottling and labelling machine operators"
El Salvador,Resto,3222,2739.7942863911294,21,0.1597222222222222,0.3602843915343915,0.5200066137566138,Técnicos y profesionales asociados,Midwifery associate professionals
El Salvador,Resto,2431,2727.791991356491,19,0.44359410430839,0.7079081632653061,1.0,Profesionales e ingeniería,Advertising and marketing professionals
El Salvador,Resto,2635,2713.410787146032,24,0.0659391322954302,0.2748646118610952,0.3408037441565255,Profesionales e ingeniería,Social work and counselling professionals
El Salvador,Resto,3323,2709.4910526889844,19,0.0619883040935672,0.4967836257309941,0.5587719298245614,Técnicos y profesionales asociados,Buyers
El Salvador,Resto,2161,2697.9904648044126,21,0.0833333333333333,0.5,0.5833333333333334,Profesionales e ingeniería,Building architects
El Salvador,Resto,7317,2685.6509433858437,30,0.0,0.2666666666666667,0.2666666666666667,Oficios y artesanía,"Handicraft workers in wood, basketry and related materials"
El Salvador,Resto,9213,2588.0370142285656,19,0.0333333333333333,0.109090909090909,0.1424242424242424,Ocupaciones elementales,Mixed crop and livestock farm labourers
El Salvador,Resto,3411,2583.7322234785793,20,0.1460870313037496,0.4026552287581699,0.5487422600619195,Técnicos y profesionales asociados,Legal and related associate professionals
El Salvador,Resto,8151,2518.4889782852742,23,0.0833333333333333,0.0833333333333333,0.1666666666666666,Operadores de planta y máquinas,"Fibre preparing, spinning and winding machine operators"
El Salvador,Resto,8219,2435.7351881763975,9,0.1818181818181818,0.2272727272727273,0.409090909090909,Operadores de planta y máquinas,Assemblers not elsewhere classified
El Salvador,Resto,2261,2432.9609818217327,23,0.0125,0.1577922077922078,0.1702922077922078,Profesionales e ingeniería,Dentists
El Salvador,Resto,9215,2409.113301282052,28,0.0476190476190476,0.0476190476190476,0.0952380952380952,Ocupaciones elementales,Forestry labourers
El Salvador,Resto,3257,2406.975289576589,18,0.1278294074346706,0.3639200711569132,0.4917494785915839,Técnicos y profesionales asociados,Environmental and occupational health inspectors and associates
El Salvador,Resto,5132,2368.9761521731516,13,0.1,0.2,0.3,Servicios y ventas,Bartenders
El Salvador,Resto,8342,2361.349110975337,23,0.0071428571428571,0.0107142857142857,0.0178571428571428,Operadores de planta y máquinas,Earthmoving and related plant operators
El Salvador,Resto,8143,2317.981046352423,14,0.0294117647058823,0.0294117647058823,0.0588235294117647,Operadores de planta y máquinas,Paper products machine operators
El Salvador,Resto,7532,2272.54174985017,14,0.0787037037037037,0.2118055555555555,0.2905092592592593,Oficios y artesanía,Garment and related pattern-makers and cutters
El Salvador,Resto,7412,2251.1469086182346,19,0.1220976314834875,0.1976393829495566,0.3197370144330442,Oficios y artesanía,Electrical mechanics and fitters
El Salvador,Resto,3334,2234.114588451228,8,0.0277777777777777,0.4732744107744107,0.5010521885521885,Técnicos y profesionales asociados,Real estate agents and property managers
El Salvador,Resto,7214,2195.972122668071,19,0.0,0.0393892339544513,0.0393892339544513,Oficios y artesanía,Structural-metal preparers and erectors
El Salvador,Resto,1212,2172.1579014832337,13,0.0822649572649572,0.4935897435897436,0.5758547008547009,Dirección y gerencia,Human resource managers
El Salvador,Resto,7123,2035.3682580129791,16,0.0222222222222222,0.035042735042735,0.0572649572649572,Oficios y artesanía,Plasterers
El Salvador,Resto,4322,2006.9814739048552,17,0.2941176470588235,0.6176470588235294,0.9117647058823528,Apoyo administrativo,Production clerks
El Salvador,Resto,1323,1985.731161807201,13,0.04,0.44,0.48,Dirección y gerencia,Construction managers
El Salvador,Resto,7126,1983.4141411600249,19,0.0098039215686274,0.0570728291316526,0.0668767507002801,Oficios y artesanía,Plumbers and pipe fitters
El Salvador,Resto,3512,1983.362138738678,15,0.4375,0.59375,1.0,Técnicos y profesionales asociados,Information and communications technology user support technicians
El Salvador,Resto,4227,1982.8647721114073,13,0.4705882352941176,0.6470588235294118,1.0,Apoyo administrativo,Survey and market research interviewers
El Salvador,Resto,4312,1970.9277411177573,12,0.375,0.6679166666666667,1.0,Apoyo administrativo,"Statistical, finance and insurance clerks"
El Salvador,Resto,2133,1957.4326566794844,11,0.0540047581284694,0.4756938937351309,0.5296986518636003,Profesionales e ingeniería,Environmental protection professionals
El Salvador,Resto,2353,1920.7577621002183,13,0.1879967011545959,0.4068788424051581,0.594875543559754,Profesionales e ingeniería,Other language teachers
El Salvador,Resto,1311,1908.4883012102578,13,0.0333333333333333,0.3833333333333334,0.4166666666666667,Dirección y gerencia,Agricultural and forestry production managers
El Salvador,Resto,3521,1897.119158058909,12,0.133107553366174,0.4010160098522167,0.5341235632183907,Técnicos y profesionales asociados,Broadcasting and audio-visual technicians
El Salvador,Resto,3412,1869.477055865016,17,0.2,0.35,0.55,Técnicos y profesionales asociados,Social work associate professionals
El Salvador,Resto,7523,1862.1089355026525,17,0.0384615384615384,0.0769230769230769,0.1153846153846153,Oficios y artesanía,Woodworking-machine tool setters and operators
El Salvador,Resto,2142,1859.6127839415035,16,0.056338028169014,0.4859154929577465,0.5422535211267606,Profesionales e ingeniería,Civil engineers
El Salvador,Resto,1113,1857.9888144555148,17,0.077891156462585,0.4448979591836735,0.5227891156462585,Dirección y gerencia,Traditional chiefs and heads of villages
El Salvador,Resto,2412,1850.5337025611475,17,0.0404761904761904,0.4987179487179487,0.5391941391941392,Profesionales e ingeniería,Financial and investment advisers
El Salvador,Resto,7421,1764.6389791548409,14,0.1762096237096237,0.3000903263403263,0.47629995004995,Oficios y artesanía,Electronics mechanics and servicers
El Salvador,Resto,3432,1754.0352824607733,9,0.0,0.3834567901234567,0.3834567901234567,Técnicos y profesionales asociados,Interior designers and decorators
El Salvador,Resto,8131,1748.6966000626314,14,0.0646075079846566,0.1097870223249394,0.174394530309596,Operadores de planta y máquinas,Chemical products plant and machine operators
El Salvador,Resto,3355,1709.183720525081,16,0.0961538461538461,0.3548076923076922,0.4509615384615384,Técnicos y profesionales asociados,Police inspectors and detectives
El Salvador,Resto,3331,1696.5155431150768,16,0.2272727272727272,0.5,0.7272727272727273,Técnicos y profesionales asociados,Clearing and forwarding agents
El Salvador,Resto,9629,1693.028329528434,20,0.0956544853570025,0.1391038531770797,0.2347583385340822,Ocupaciones elementales,Elementary workers not elsewhere classified
El Salvador,Resto,9129,1689.9774499820674,13,0.0454545454545454,0.0681818181818181,0.1136363636363636,Ocupaciones elementales,Other cleaning workers
El Salvador,Resto,4211,1669.7798756227655,18,0.2610837438423645,0.4597701149425287,0.7208538587848932,Apoyo administrativo,Bank tellers and related clerks
El Salvador,Resto,2652,1657.0717814331258,20,0.3833333333333333,0.5666666666666667,0.95,Profesionales e ingeniería,"Musicians, singers and composers"
El Salvador,Resto,2413,1650.9425451849122,9,0.0610219845513963,0.5142968142968143,0.5753187988482106,Profesionales e ingeniería,Financial analysts
El Salvador,Resto,4415,1574.6297687716233,12,0.4546783625730994,0.5760233918128655,1.0,Apoyo administrativo,Filing and copying clerks
El Salvador,Resto,0110,1538.7606032458448,12,,,,Fuerzas armadas,Commissioned armed forces officers
El Salvador,Resto,7534,1535.9371261643573,12,0.1363636363636364,0.2272727272727273,0.3636363636363637,Oficios y artesanía,Upholsterers and related workers
El Salvador,Resto,9612,1524.9877473108486,15,0.1875,0.21875,0.40625,Ocupaciones elementales,Refuse sorters
El Salvador,Resto,2642,1482.8285422121637,8,0.3166666666666666,0.6464285714285715,0.963095238095238,Profesionales e ingeniería,Journalists
El Salvador,Resto,2264,1464.179889492118,13,0.0616666666666666,0.22375,0.2854166666666666,Profesionales e ingeniería,Physiotherapists
El Salvador,Resto,3113,1441.2490404009263,8,0.225,0.4054487179487179,0.6304487179487179,Técnicos y profesionales asociados,Electrical engineering technicians
El Salvador,Resto,2141,1438.1495526798258,12,0.1847826086956522,0.5543478260869565,0.7391304347826088,Profesionales e ingeniería,Industrial and production engineers
El Salvador,Resto,3351,1435.1662802679552,6,0.1450948509485094,0.3821815718157181,0.5272764227642276,Técnicos y profesionales asociados,Customs and border inspectors
El Salvador,Resto,3213,1433.040911776253,10,0.2857142857142857,0.4047619047619048,0.6904761904761905,Técnicos y profesionales asociados,Pharmaceutical technicians and assistants
El Salvador,Resto,7131,1428.0288822037016,14,0.0263157894736842,0.0388157894736842,0.0651315789473684,Oficios y artesanía,Painters and related workers
El Salvador,Resto,3333,1425.4512990297908,15,0.1538461538461538,0.3798076923076923,0.5336538461538461,Técnicos y profesionales asociados,Employment agents and contractors
El Salvador,Resto,1324,1403.4681115802503,15,0.0166666666666666,0.4833333333333333,0.4999999999999999,Dirección y gerencia,"Supply, distribution and related managers"
El Salvador,Resto,8113,1393.028074746172,5,0.0330143540669856,0.03995879851143,0.0729731525784157,Operadores de planta y máquinas,Well drillers and borers and related workers
El Salvador,Resto,7124,1391.0435023260584,12,0.0,0.0442307692307692,0.0442307692307692,Oficios y artesanía,Insulation workers
El Salvador,Resto,8159,1374.424179442806,11,0.08011274179037335,0.09937022042285198,0.17948296221322532,Operadores de planta y máquinas,"Textile, fur and leather products machine operators not elsewhere classified"
El Salvador,Resto,6112,1352.0342560830977,14,0.0666666666666666,0.1416666666666666,0.2083333333333333,Agropecuario calificado,Tree and shrub crop growers
El Salvador,Resto,2263,1338.3543245863013,10,0.1488095238095238,0.4322916666666666,0.5811011904761905,Profesionales e ingeniería,Environmental and occupational health and hygiene professionals
El Salvador,Resto,3311,1333.430938864902,10,0.1555555555555555,0.5638888888888889,0.7194444444444444,Técnicos y profesionales asociados,Securities and finance dealers and brokers
El Salvador,Resto,7223,1327.875706892633,9,0.0855645513993971,0.1209784669733826,0.2065430183727797,Oficios y artesanía,Metal working machine tool setters and operators
El Salvador,Resto,2659,1315.5434499719008,7,0.4210526315789473,0.5263157894736842,0.9473684210526314,Profesionales e ingeniería,Creative and performing artists not elsewhere classified
El Salvador,Resto,2634,1312.4283402438516,10,0.0641666666666666,0.4407200292397661,0.5048866959064328,Profesionales e ingeniería,Psychologists
El Salvador,Resto,2511,1285.7069918920126,8,0.3333333333333333,0.6141025641025641,0.9474358974358974,Profesionales e ingeniería,Systems analysts
El Salvador,Resto,3255,1267.933034168106,7,0.1157407407407407,0.1802248677248677,0.2959656084656084,Técnicos y profesionales asociados,Physiotherapy technicians and assistants
El Salvador,Resto,3421,1259.9853708535522,12,0.0,0.0,0.0,Técnicos y profesionales asociados,Athletes and sports players
El Salvador,Resto,6123,1245.195842617408,8,0.1083333333333333,0.2145833333333333,0.3229166666666666,Agropecuario calificado,Apiarists and sericulturists
El Salvador,Resto,3339,1230.716595560316,11,0.1270820449391878,0.5417519247488192,0.668833969688007,Técnicos y profesionales asociados,Business services agents not elsewhere classified
El Salvador,Resto,3332,1229.8013652482778,8,0.0952380952380952,0.4761904761904762,0.5714285714285714,Técnicos y profesionales asociados,Conference and event planners
El Salvador,Resto,5163,1213.592455294012,8,0.12004662004662,0.1427738927738927,0.2628205128205128,Servicios y ventas,Undertakers and embalmers
El Salvador,Resto,7316,1185.8897013815329,9,0.0,0.0583333333333333,0.0583333333333333,Oficios y artesanía,"Sign writers, decorative painters, engravers and etchers"
El Salvador,Resto,4223,1177.7925166567597,9,0.700657894736842,0.7689144736842105,1.0,Apoyo administrativo,Telephone switchboard operators
El Salvador,Resto,3119,1169.7914205665727,10,0.1349953850497328,0.369607100327209,0.504602485376942,Técnicos y profesionales asociados,Physical and engineering science technicians not elsewhere classified
El Salvador,Resto,5111,1164.7864029235968,7,0.132451583504215,0.2402802460697197,0.3727318295739348,Servicios y ventas,Travel attendants and travel stewards
El Salvador,Resto,2240,1157.5230499242089,5,0.0,0.25,0.25,Profesionales e ingeniería,Paramedical practitioners
El Salvador,Resto,8152,1157.3063318493523,4,0.15,0.175,0.3249999999999999,Operadores de planta y máquinas,Weaving and knitting machine operators
El Salvador,Resto,7125,1145.890113700737,15,0.0,0.0925925925925925,0.0925925925925925,Oficios y artesanía,Glaziers
El Salvador,Resto,1114,1143.0983384238807,4,0.0878741593255659,0.4956243487733258,0.5834985080988917,Dirección y gerencia,Senior officials of special-interest organizations
El Salvador,Resto,1221,1127.0232039020386,8,0.025,0.4705882352941176,0.4955882352941176,Dirección y gerencia,Sales and marketing managers
El Salvador,Resto,2521,1087.8140684130021,6,0.8397932816537468,0.9198966408268734,1.0,Profesionales e ingeniería,Database designers and administrators
El Salvador,Resto,3256,1048.716292719739,7,0.125,0.35,0.475,Técnicos y profesionales asociados,Medical assistants
El Salvador,Resto,1342,1033.7505059121977,10,0.0,0.4166666666666667,0.4166666666666667,Dirección y gerencia,Health services managers
El Salvador,Resto,1330,1025.364631953581,5,0.1176470588235294,0.5294117647058824,0.6470588235294118,Dirección y gerencia,Information and communications technology service managers
El Salvador,Resto,5411,1018.9591514991382,12,0.1666666666666666,0.2833333333333333,0.4499999999999999,Servicios y ventas,Fire-fighters
El Salvador,Resto,5151,1017.456947249754,10,0.1538461538461539,0.2692307692307692,0.4230769230769231,Servicios y ventas,"Cleaning and housekeeping supervisors in offices, hotels and other establishments"
El Salvador,Resto,2522,1011.1870800340309,4,0.5,0.7,1.0,Profesionales e ingeniería,Systems administrators
El Salvador,Resto,2656,994.7975271322723,11,0.3583333333333333,0.6583333333333333,1.0,Profesionales e ingeniería,"Announcers on radio, television and other media"
El Salvador,Resto,5112,992.5620058174088,8,0.1186773752563226,0.2704203691045796,0.3890977443609022,Servicios y ventas,Transport conductors
El Salvador,Resto,2132,988.0086033579618,12,0.0222222222222222,0.4093827160493826,0.4316049382716048,Profesionales e ingeniería,"Farming, forestry and fisheries advisers"
El Salvador,Resto,1120,985.1434890132726,13,0.0612244897959183,0.4801920768307323,0.5414165666266506,Dirección y gerencia,Managing directors and chief executives
El Salvador,Resto,9311,970.1143183273541,9,0.0,0.0,0.0,Ocupaciones elementales,Mining and quarrying labourers
El Salvador,Resto,6221,959.7834147943843,7,0.1083333333333333,0.2145833333333333,0.3229166666666666,Agropecuario calificado,Aquaculture workers
El Salvador,Resto,3344,947.2662756286062,3,0.5875,0.7770833333333333,1.0,Técnicos y profesionales asociados,Medical secretaries
El Salvador,Resto,5321,945.0448940008541,13,0.1185383244206773,0.1412655971479501,0.2598039215686274,Servicios y ventas,Health care assistants
El Salvador,Resto,2643,904.4275809191346,6,0.4866310160427807,0.7025401069518716,1.0,Profesionales e ingeniería,"Translators, interpreters and other linguists"
El Salvador,Resto,5241,903.9680505276322,4,0.1428571428571428,0.25,0.3928571428571428,Servicios y ventas,Fashion and other models
El Salvador,Resto,7111,881.2381703471798,7,0.04,0.44,0.48,Oficios y artesanía,House builders
El Salvador,Resto,8211,868.7965390679558,4,0.0,0.05,0.05,Operadores de planta y máquinas,Mechanical machinery assemblers
El Salvador,Resto,7222,842.3123339310166,4,0.1891514939309057,0.2596113445378151,0.4487628384687208,Oficios y artesanía,Toolmakers and related workers
El Salvador,Resto,2267,832.7550405712777,5,0.0,0.3,0.3,Profesionales e ingeniería,Optometrists and ophthalmic opticians
El Salvador,Resto,2653,831.29299295753,5,0.0277777777777777,0.1567460317460317,0.1845238095238095,Profesionales e ingeniería,Dancers and choreographers
El Salvador,Resto,5322,808.9970943276164,10,0.1192919911186165,0.2200988210276135,0.33939081214623,Servicios y ventas,Home-based personal care workers
El Salvador,Resto,1411,806.2632849873845,7,0.0416666666666666,0.4583333333333333,0.5,Dirección y gerencia,Hotel managers
El Salvador,Resto,5113,800.8870461398549,5,0.1479188166494668,0.3187134502923976,0.4666322669418645,Servicios y ventas,Travel guides
El Salvador,Resto,7515,800.8854465887127,9,0.1287878787878788,0.2310606060606061,0.359848484848485,Oficios y artesanía,Food and beverage tasters and graders
El Salvador,Resto,8121,770.8149340491534,3,0.0651551956815114,0.0885981781376518,0.1537533738191633,Operadores de planta y máquinas,Metal processing plant operators
El Salvador,Resto,2262,766.073484677022,6,0.1428571428571428,0.4285714285714285,0.5714285714285713,Profesionales e ingeniería,Pharmacists
El Salvador,Resto,3314,758.3485245206532,7,0.6210612582180088,0.7754292888017145,1.0,Técnicos y profesionales asociados,"Statistical, mathematical and related associate professionals"
El Salvador,Resto,2351,757.8679697315413,6,0.2,0.5333333333333333,0.7333333333333334,Profesionales e ingeniería,Education methods specialists
El Salvador,Resto,3359,746.81652044565,6,0.0909090909090909,0.2954545454545455,0.3863636363636364,Técnicos y profesionales asociados,Regulatory government associate professionals not elsewhere classified
El Salvador,Resto,3431,740.7221235022292,6,0.0344827586206896,0.396551724137931,0.4310344827586206,Técnicos y profesionales asociados,Photographers
El Salvador,Resto,7221,739.7195508437536,6,0.0,0.0384615384615384,0.0384615384615384,Oficios y artesanía,"Blacksmiths, hammersmiths and forging press workers"
El Salvador,Resto,3342,734.1360458790946,7,0.3571428571428572,0.6785714285714286,1.0,Técnicos y profesionales asociados,Legal secretaries
El Salvador,Resto,4313,728.6285387601149,5,0.6818181818181818,0.8409090909090909,1.0,Apoyo administrativo,Payroll clerks
El Salvador,Resto,3511,728.5398483616148,6,0.4790697674418605,0.7372093023255814,1.0,Técnicos y profesionales asociados,Information and communications technology operations technicians
El Salvador,Resto,3118,723.5024401681978,6,0.1017857142857142,0.5063244047619048,0.608110119047619,Técnicos y profesionales asociados,Draughtspersons
El Salvador,Resto,2152,711.4455081043798,5,0.4166666666666666,0.6507936507936507,1.0,Profesionales e ingeniería,Electronics engineers
El Salvador,Resto,3321,709.5066935830765,6,0.137287663603453,0.5593845725424673,0.6966722361459203,Técnicos y profesionales asociados,Insurance representatives
El Salvador,Resto,1112,706.3537591283585,10,0.0408163265306122,0.457809210640778,0.4986255371713903,Dirección y gerencia,Senior government officials
El Salvador,Resto,4221,700.9754230065605,6,0.1104497354497354,0.5142195767195767,0.6246693121693122,Apoyo administrativo,Travel consultants and clerks
El Salvador,Resto,9623,680.6719268284959,4,0.3117408906882591,0.3694331983805667,0.6811740890688258,Ocupaciones elementales,Meter readers and vending-machine collectors
El Salvador,Resto,5165,678.1625485352579,4,0.1666666666666667,0.3666666666666666,0.5333333333333333,Servicios y ventas,Driving instructors
El Salvador,Resto,8114,667.9537988114895,6,0.0579716336295283,0.0887517088174982,0.1467233424470266,Operadores de planta y máquinas,"Cement, stone and other mineral products machine operators"
El Salvador,Resto,2265,646.5509900444624,3,0.1071428571428571,0.5178571428571429,0.625,Profesionales e ingeniería,Dieticians and nutritionists
El Salvador,Resto,2163,636.4692207632776,3,0.0,0.4352941176470588,0.4352941176470588,Profesionales e ingeniería,Product and garment designers
El Salvador,Resto,7234,614.2979780059779,7,0.0227272727272727,0.2627840909090909,0.2855113636363636,Oficios y artesanía,Bicycle and related repairers
El Salvador,Resto,2113,608.7542691600404,3,0.1009615384615384,0.4266826923076923,0.5276442307692307,Profesionales e ingeniería,Chemists
El Salvador,Resto,3211,593.4355740499946,4,0.049551267147175,0.3152530419282337,0.3648043090754088,Técnicos y profesionales asociados,Medical imaging and therapeutic equipment technicians
El Salvador,Resto,8156,592.0707424341377,3,0.0526315789473684,0.0526315789473684,0.1052631578947368,Operadores de planta y máquinas,Shoemaking and related machine operators
El Salvador,Resto,1346,588.8390255049466,4,0.0,0.4773576097105508,0.4773576097105508,Dirección y gerencia,Financial and insurance services branch managers
El Salvador,Resto,3435,583.5805881184531,2,0.1929302422723474,0.3068870091896408,0.4998172514619883,Técnicos y profesionales asociados,Other artistic and cultural associate professionals
El Salvador,Resto,0210,582.6377447138341,5,0.0,0.4583333333333333,0.4583333333333333,Fuerzas armadas,Non-commissioned armed forces officers
El Salvador,Resto,8157,567.9132545450452,5,0.03125,0.0625,0.09375,Operadores de planta y máquinas,Laundry machine operators
El Salvador,Resto,2165,564.0471385044532,3,0.1107142857142857,0.5241071428571429,0.6348214285714286,Profesionales e ingeniería,Cartographers and surveyors
El Salvador,Resto,8132,558.2154103974522,4,0.0625,0.390625,0.453125,Operadores de planta y máquinas,Photographic products machine operators
El Salvador,Resto,7114,551.2273494017451,5,0.0,0.0138888888888888,0.0138888888888888,Oficios y artesanía,"Concrete placers, concrete finishers and related workers"
El Salvador,Resto,7522,544.2482567883756,3,0.0928571428571428,0.153327922077922,0.2461850649350649,Oficios y artesanía,Cabinet-makers and related workers
El Salvador,Resto,7122,543.6032735537189,4,0.01,0.0584821428571428,0.0684821428571428,Oficios y artesanía,Floor layers and tile setters
El Salvador,Resto,2612,538.8311202847507,2,0.0714285714285714,0.4523809523809524,0.5238095238095238,Profesionales e ingeniería,Judges
El Salvador,Resto,6210,524.7415307504021,5,0.0806349206349206,0.1466673092988882,0.2273022299338088,Agropecuario calificado,Forestry and related workers
El Salvador,Resto,3133,520.4960102104012,3,0.0526315789473684,0.1578947368421053,0.2105263157894737,Técnicos y profesionales asociados,Chemical processing plant controllers
El Salvador,Resto,8350,507.51433104548437,8,0.0178571428571428,0.0267857142857142,0.0446428571428571,Operadores de planta y máquinas,Ships' deck crews and related workers
El Salvador,Resto,2519,497.58514778418174,3,0.5376571920757967,0.761696813092162,1.0,Profesionales e ingeniería,Software and applications developers and analysts not elsewhere classified
El Salvador,Resto,3131,497.51800298017724,6,0.1134057971014492,0.3,0.4134057971014492,Técnicos y profesionales asociados,Power production plant operators
El Salvador,Resto,4224,495.4478505116809,3,0.1625,0.46875,0.63125,Apoyo administrativo,Hotel receptionists
El Salvador,Resto,2651,494.8854472434085,6,0.0,0.3364583333333333,0.3364583333333333,Profesionales e ingeniería,Visual artists
El Salvador,Resto,8341,493.07931806096155,6,0.1111111111111111,0.1111111111111111,0.2222222222222222,Operadores de planta y máquinas,Mobile farm and forestry plant operators
El Salvador,Resto,8181,486.20322001871665,3,0.0729931476565503,0.0807450856410464,0.1537382332975967,Operadores de planta y máquinas,Glass and ceramics plant operators
El Salvador,Resto,4229,483.0438387285148,2,0.4117647058823529,0.6764705882352942,1.0,Apoyo administrativo,Client information workers not elsewhere classified
El Salvador,Resto,9331,472.0994138914375,4,0.1732026143790849,0.2165032679738562,0.3897058823529411,Ocupaciones elementales,Hand and pedal vehicle drivers
El Salvador,Resto,3139,465.04168857510086,3,0.6875,0.78125,1.0,Técnicos y profesionales asociados,Process control technicians not elsewhere classified
El Salvador,Resto,7544,457.6198297027845,5,0.092063492063492,0.2023809523809524,0.2944444444444444,Oficios y artesanía,Fumigators and other pest and weed controllers
El Salvador,Resto,3353,442.63103134824314,2,0.3125490196078431,0.5965686274509805,0.9091176470588236,Técnicos y profesionales asociados,Government social benefits officials
El Salvador,Resto,9624,436.1520391301445,4,0.0512820512820512,0.0512820512820512,0.1025641025641025,Ocupaciones elementales,Water and firewood collectors
El Salvador,Resto,7313,418.1675721321385,5,0.0384615384615384,0.1730769230769231,0.2115384615384615,Oficios y artesanía,Jewellery and precious-metal workers
El Salvador,Resto,2514,403.280475012763,3,0.8823529411764706,0.9411764705882352,1.0,Profesionales e ingeniería,Applications programmers
El Salvador,Resto,7543,400.1639267772909,6,0.25,0.40625,0.65625,Oficios y artesanía,Product graders and testers (excluding foods and beverages)
El Salvador,Resto,4413,379.04233153960996,1,0.9090909090909092,0.9545454545454546,1.0,Apoyo administrativo,"Coding, proof-reading and related clerks"
El Salvador,Resto,7211,379.04233153960996,1,0.0151515151515151,0.0378787878787878,0.053030303030303,Oficios y artesanía,Metal moulders and coremakers
El Salvador,Resto,2513,379.0423315396099,1,0.6902937420178799,0.84514687100894,1.0,Profesionales e ingeniería,Web and multimedia developers
El Salvador,Resto,3152,374.5708533010795,3,0.1472488038277512,0.2966108452950558,0.443859649122807,Técnicos y profesionales asociados,Ships' deck officers and pilots
El Salvador,Resto,2423,354.9861211353654,2,0.1571051497522086,0.4940442523163111,0.6511494020685198,Profesionales e ingeniería,Personnel and careers professionals
El Salvador,Resto,3423,351.0167445405498,5,0.1016231435365908,0.2650247086560857,0.3666478521926765,Técnicos y profesionales asociados,Fitness and recreation instructors and program leaders
El Salvador,Resto,2356,345.6721355662164,5,0.1,0.55,0.65,Profesionales e ingeniería,Information technology trainers
El Salvador,Resto,2422,340.91400073428235,4,0.175,0.571195652173913,0.746195652173913,Profesionales e ingeniería,Policy administration professionals
El Salvador,Resto,7549,335.4610069081766,3,0.03125,0.1354166666666666,0.1666666666666666,Oficios y artesanía,Craft and related workers not elsewhere classified
El Salvador,Resto,2621,335.31003312097766,4,0.1051282051282051,0.5,0.6051282051282051,Profesionales e ingeniería,Archivists and curators
El Salvador,Resto,5164,331.63612025861886,2,0.1013822993312157,0.2217157197807352,0.323098019111951,Servicios y ventas,Pet groomers and animal care workers
El Salvador,Resto,3114,321.9170804483359,3,0.2,0.4166666666666667,0.6166666666666667,Técnicos y profesionales asociados,Electronics engineering technicians
El Salvador,Resto,7213,306.7061809690001,7,0.0,0.0782563025210083,0.0782563025210083,Oficios y artesanía,Sheet-metal workers
El Salvador,Resto,3522,301.2048730775434,3,0.2,0.4166666666666667,0.6166666666666667,Técnicos y profesionales asociados,Telecommunications engineering technicians
El Salvador,Resto,3230,296.8320586626294,4,0.1597222222222222,0.3602843915343915,0.5200066137566138,Técnicos y profesionales asociados,Traditional and complementary medicine associate professionals
El Salvador,Resto,3258,287.61547384905305,2,0.1217948717948718,0.1810897435897436,0.3028846153846154,Técnicos y profesionales asociados,Ambulance workers
El Salvador,Resto,1431,286.4479508395739,4,0.2209559758304542,0.5063331949866141,0.7272891708170683,Dirección y gerencia,"Sports, recreation and cultural centre managers"
El Salvador,Resto,2622,286.2559555687923,2,0.1666666666666667,0.5333333333333333,0.7000000000000001,Profesionales e ingeniería,Librarians and related information professionals
El Salvador,Resto,7119,273.28812555441925,4,0.0638095238095238,0.1064102564102564,0.1702197802197802,Oficios y artesanía,Building frame and related trades workers not elsewhere classified
El Salvador,Resto,2619,266.51828287969875,3,0.1,0.5,0.6,Profesionales e ingeniería,Legal professionals not elsewhere classified
El Salvador,Resto,5419,254.18856346621502,1,0.1768978605935127,0.3035072679434092,0.4804051285369219,Servicios y ventas,Protective services workers not elsewhere classified
El Salvador,Resto,2120,253.88559181052574,2,0.3863636363636363,0.6931818181818181,1.0,Profesionales e ingeniería,"Mathematicians, actuaries and statisticians"
El Salvador,Resto,2352,248.57159377162344,2,0.1372222222222222,0.3105555555555555,0.4477777777777777,Profesionales e ingeniería,Special needs teachers
El Salvador,Resto,7323,235.42045421063196,2,0.0384615384615384,0.0769230769230769,0.1153846153846153,Oficios y artesanía,Print finishing and binding workers
El Salvador,Resto,2144,234.03429637489637,2,0.1351567209162146,0.4815275266224633,0.616684247538678,Profesionales e ingeniería,Mechanical engineers
El Salvador,Resto,3352,232.04970124368444,4,0.16,0.56,0.7200000000000001,Técnicos y profesionales asociados,Government tax and excise officials
El Salvador,Resto,8154,225.8638352104524,2,0.125,0.1458333333333333,0.2708333333333332,Operadores de planta y máquinas,"Bleaching, dyeing and fabric cleaning machine operators"
El Salvador,Resto,7514,219.47734739516628,3,0.1176470588235294,0.1176470588235294,0.2352941176470588,Oficios y artesanía,"Fruit, vegetable and related preservers"
El Salvador,Resto,9216,213.18199890393186,3,0.0,0.059090909090909,0.059090909090909,Ocupaciones elementales,Fishery and aquaculture labourers
El Salvador,Resto,7311,211.57801059179803,2,0.1008373205741626,0.2969896331738437,0.3978269537480064,Oficios y artesanía,Precision-instrument makers and repairers
El Salvador,Resto,3214,208.74452122065176,3,0.0666666666666666,0.1725044563279857,0.2391711229946523,Técnicos y profesionales asociados,Medical and dental prosthetic technicians
El Salvador,Resto,2355,208.07901649214236,3,0.1922514619883041,0.4051900584795321,0.5974415204678363,Profesionales e ingeniería,Other arts teachers
El Salvador,Resto,2250,206.00102055855209,2,0.0869565217391304,0.2826086956521739,0.3695652173913043,Profesionales e ingeniería,Veterinarians
El Salvador,Resto,6129,205.2111692471926,1,0.1083333333333333,0.2145833333333333,0.3229166666666666,Agropecuario calificado,Animal producers not elsewhere classified
El Salvador,Resto,1343,203.6613719842111,3,0.0,0.4436274509803921,0.4436274509803921,Dirección y gerencia,Aged care services managers
El Salvador,Resto,2151,202.94816869183967,2,0.2272727272727273,0.5454545454545454,0.7727272727272727,Profesionales e ingeniería,Electrical engineers
El Salvador,Resto,3240,200.2957360031895,3,0.0858294930875575,0.1877880184331797,0.2736175115207373,Técnicos y profesionales asociados,Veterinary technicians and assistants
El Salvador,Resto,4213,199.9725000677528,3,0.2696304101577935,0.46885894587720145,0.7384893560349949,Apoyo administrativo,Pawnbrokers and money-lenders
El Salvador,Resto,2131,198.40223782733443,2,0.085758377425044,0.4490001253890143,0.5347585028140583,Profesionales e ingeniería,"Biologists, botanists, zoologists and related professionals"
El Salvador,Resto,2354,185.47078858173117,3,0.1666666666666667,0.3666666666666666,0.5333333333333333,Profesionales e ingeniería,Other music teachers
El Salvador,Resto,1341,183.28296250496547,1,0.0588235294117647,0.4705882352941176,0.5294117647058822,Dirección y gerencia,Child care services managers
El Salvador,Resto,9411,182.68098021190633,2,0.0,0.0,0.0,Ocupaciones elementales,Fast food preparers
El Salvador,Resto,3153,179.8919962632639,1,0.0956017666543982,0.3011593669488406,0.3967611336032388,Técnicos y profesionales asociados,Aircraft pilots and related associate professionals
El Salvador,Resto,5312,177.16485423242077,1,0.2166666666666667,0.3166666666666666,0.5333333333333334,Servicios y ventas,Teachers' aides
El Salvador,Resto,7321,173.5480097018292,2,0.1866666666666666,0.5394444444444444,0.726111111111111,Oficios y artesanía,Pre-press technicians
El Salvador,Resto,4412,167.58024653693406,3,0.1722004162166433,0.2472954699121027,0.4194958861287461,Apoyo administrativo,Mail carriers and sorting clerks
El Salvador,Resto,6330,164.10894030361266,2,0.0333333333333333,0.109090909090909,0.1424242424242424,Agropecuario calificado,Subsistence mixed crop and livestock farmers
El Salvador,Resto,7133,148.56861517574572,1,0.029824561403508747,0.044407894736842105,0.07423245614035084,Oficios y artesanía,Building structure cleaners
El Salvador,Resto,4131,144.8817103573784,2,0.7,0.75,1.0,Apoyo administrativo,Typists and word processing operators
El Salvador,Resto,2143,143.8118391893181,2,0.1428571428571428,0.5535714285714286,0.6964285714285714,Profesionales e ingeniería,Environmental engineers
El Salvador,Resto,3254,143.050048115994,2,0.0952380952380952,0.2857142857142857,0.3809523809523809,Técnicos y profesionales asociados,Dispensing opticians
El Salvador,Resto,8112,142.4399962076193,2,0.0909090909090909,0.0909090909090909,0.1818181818181818,Operadores de planta y máquinas,Mineral and stone processing plant operators
El Salvador,Resto,9334,141.42876199244404,2,0.1,0.1833333333333333,0.2833333333333333,Ocupaciones elementales,Shelf fillers
El Salvador,Resto,3141,139.24471271481607,1,0.1987179487179487,0.4155982905982905,0.6143162393162394,Técnicos y profesionales asociados,Life science technicians (excluding medical)
El Salvador,Resto,7516,138.34818041800332,2,0.0832410483573274,0.0987449243263196,0.1819859726836471,Oficios y artesanía,Tobacco preparers and tobacco products makers
El Salvador,Resto,8172,135.65335159811258,3,0.0,0.0625,0.0625,Operadores de planta y máquinas,Wood processing plant operators
El Salvador,Resto,4220,126.53136625721136,1,0.35248379322489226,0.6109461063299589,0.8388978087580061,Apoyo administrativo,
El Salvador,Resto,2631,121.74718448687274,2,0.1212121212121212,0.5606060606060606,0.6818181818181818,Profesionales e ingeniería,Economists
El Salvador,Resto,6320,116.82609479813405,3,0.0,0.0681818181818181,0.0681818181818181,Agropecuario calificado,Subsistence livestock farmers
El Salvador,Resto,1111,116.3154962065064,2,0.0333333333333333,0.4,0.4333333333333333,Dirección y gerencia,Legislators
El Salvador,Resto,8212,100.93073626014328,1,0.0481283422459893,0.1080162974280621,0.1561446396740514,Operadores de planta y máquinas,Electrical and electronic equipment assemblers
El Salvador,Resto,8311,100.64483888498027,1,0.1756702361965519,0.2373623452570821,0.4130325814536341,Operadores de planta y máquinas,Locomotive engine drivers
El Salvador,Resto,3313,91.94462951486808,1,0.5666666666666667,0.7833333333333333,1.0,Técnicos y profesionales asociados,Accounting associate professionals
El Salvador,Resto,8122,91.52939631577118,1,0.0589580010632642,0.0732854864433811,0.1322434875066453,Operadores de planta y máquinas,"Metal finishing, plating and coating machine operators"
El Salvador,Resto,7315,91.34766486684401,2,0.0205426356589147,0.0360465116279069,0.0565891472868217,Oficios y artesanía,"Glass makers, cutters, grinders and finishers"
El Salvador,Resto,8189,88.38643134419381,1,0.0804000089738412,0.1016862408578992,0.1820862498317405,Operadores de planta y máquinas,Stationary plant and machine operators not elsewhere classified
El Salvador,Resto,7541,84.75963791529352,2,0.0,0.06,0.06,Oficios y artesanía,Underwater divers
El Salvador,Resto,1349,83.65883642970726,1,0.1261224779766979,0.4600348110258596,0.5861572890025576,Dirección y gerencia,Professional services managers not elsewhere classified
El Salvador,Resto,3142,81.83413685840725,2,0.1875,0.3645833333333333,0.5520833333333334,Técnicos y profesionales asociados,Agricultural technicians
El Salvador,Resto,3134,79.0523381380016,1,0.1273978214767688,0.1979076296510507,0.3253054511278195,Técnicos y profesionales asociados,Petroleum and natural gas refining plant operators
El Salvador,Resto,3115,76.88086318673291,1,0.1477355072463768,0.3503239966555184,0.4980595039018952,Técnicos y profesionales asociados,Mechanical engineering technicians
El Salvador,Resto,7542,74.83306390057102,1,0.1333333333333333,0.15,0.2833333333333333,Oficios y artesanía,Shotfirers and blasters
El Salvador,Resto,2553,72.91766701148323,1,0.598504883444362,0.7763310469360164,0.9941595441595441,Profesionales e ingeniería,
El Salvador,Resto,7121,71.49899236471985,1,0.0,0.0357142857142857,0.0357142857142857,Oficios y artesanía,Roofers
El Salvador,Resto,3324,69.87732745427476,1,0.1643097643097643,0.5425925925925926,0.7069023569023569,Técnicos y profesionales asociados,Trade brokers
El Salvador,Resto,8312,68.38831408216689,1,0.0975165185691501,0.2592845750740487,0.3568010936431989,Operadores de planta y máquinas,"Railway brake, signal and switch operators"
El Salvador,Resto,4411,65.05983693556078,1,0.3666666666666667,0.5508658008658008,0.9175324675324676,Apoyo administrativo,Library clerks
El Salvador,Resto,2432,63.04940516709537,1,0.2222222222222222,0.5833333333333334,0.8055555555555556,Profesionales e ingeniería,Public relations professionals
El Salvador,Resto,5169,62.47800386863218,1,0.0759691340651093,0.2282714138286893,0.3042405478937987,Servicios y ventas,Personal services workers not elsewhere classified
El Salvador,Resto,3415,61.52062841269412,1,0.1730435156518748,0.3763276143790849,0.5493711300309598,Técnicos y profesionales asociados,
El Salvador,Resto,6340,56.37991815489205,1,0.0,0.05,0.05,Agropecuario calificado,"Subsistence fishers, hunters, trappers and gatherers"
El Salvador,Resto,9510,54.63593082423702,1,0.0,0.0416666666666666,0.0416666666666666,Ocupaciones elementales,Street and related service workers
El Salvador,Resto,3514,53.96158704277546,1,0.5951468710089399,0.77257343550447,1.0,Técnicos y profesionales asociados,Web technicians
El Salvador,Resto,5152,53.4518051813984,1,0.0769230769230769,0.1554487179487179,0.2323717948717949,Servicios y ventas,Domestic housekeepers
El Salvador,Resto,3155,52.502413141219336,1,0.2,0.4166666666666667,0.6166666666666667,Técnicos y profesionales asociados,Air traffic safety electronics technicians
El Salvador,Resto,2230,52.0388812784428,1,0.1805555555555555,0.3263888888888889,0.5069444444444444,Profesionales e ingeniería,Traditional and complementary medicine professionals
El Salvador,Resto,2633,51.6475369422294,1,0.1017316017316017,0.5075757575757576,0.6093073593073592,Profesionales e ingeniería,"Philosophers, historians and political scientists"
El Salvador,Resto,3259,50.30747261767993,1,0.1092708692273909,0.3133355613790397,0.4226064306064306,Técnicos y profesionales asociados,Health associate professionals not elsewhere classified
El Salvador,Resto,7215,47.615851340808725,1,0.0,0.0,0.0,Oficios y artesanía,Riggers and cable splicers
El Salvador,Resto,3341,40.91721496410072,1,0.0689655172413793,0.4827586206896552,0.5517241379310345,Técnicos y profesionales asociados,Office supervisors
El Salvador,Resto,9332,40.77715146005455,1,0.1111111111111111,0.1388888888888889,0.25,Ocupaciones elementales,Drivers of animal-drawn vehicles and machinery
El Salvador,Resto,2320,39.03225103030988,1,0.1650211795373085,0.3853046594982078,0.5503258390355164,Profesionales e ingeniería,Vocational education teachers
El Salvador,Resto,0141,35.49111357496464,1,,,,Fuerzas armadas,
El Salvador,Resto,2269,35.467554835411384,1,0.1078168907116275,0.3620063416116048,0.4698232323232323,Profesionales e ingeniería,Health professionals not elsewhere classified
El Salvador,Resto,5323,34.27793306118227,2,0.12451818219775714,0.18999264622319115,0.31451082842094835,Servicios y ventas,
El Salvador,Resto,2530,33.45056989234042,1,0.598504883444362,0.7763310469360164,0.9941595441595441,Profesionales e ingeniería,
El Salvador,Resto,2112,25.641593743091505,1,0.1481481481481481,0.5370370370370371,0.6851851851851852,Profesionales e ingeniería,Meteorologists
El Salvador,Resto,5250,22.04503543027036,1,0.1634307013409805,0.33258082280881024,0.4671653703036369,Servicios y ventas,
Honduras,Cables y aparatos eléctricos,8211,9662.533181184426,46,0.0,0.05,0.05,Operadores de planta y máquinas,Mechanical machinery assemblers
Honduras,Cables y aparatos eléctricos,8212,4781.961229910035,21,0.0481283422459893,0.1080162974280621,0.1561446396740514,Operadores de planta y máquinas,Electrical and electronic equipment assemblers
Honduras,Cables y aparatos eléctricos,3122,2964.124988635338,10,0.15,0.4,0.55,Técnicos y profesionales asociados,Manufacturing supervisors
Honduras,Cables y aparatos eléctricos,7543,1010.6636976047698,4,0.25,0.40625,0.65625,Oficios y artesanía,Product graders and testers (excluding foods and beverages)
Honduras,Cables y aparatos eléctricos,3113,931.6910814904727,1,0.225,0.4054487179487179,0.6304487179487179,Técnicos y profesionales asociados,Electrical engineering technicians
Honduras,Cables y aparatos eléctricos,9899,841.3193747000889,2,,,,Ocupaciones elementales,
Honduras,Cables y aparatos eléctricos,7233,590.4843642168369,2,0.065213644380311,0.1366683202733927,0.2018819646537037,Oficios y artesanía,Agricultural and industrial machinery mechanics and repairers
Honduras,Cables y aparatos eléctricos,9622,576.1282823281372,2,0.0249999999999999,0.1048611111111111,0.1298611111111111,Ocupaciones elementales,Odd job persons
Honduras,Cables y aparatos eléctricos,4321,532.3949037088415,1,0.1999999999999999,0.3414141414141414,0.5414141414141413,Apoyo administrativo,Stock clerks
Honduras,Cables y aparatos eléctricos,8331,507.91236907692166,1,0.2385942360013567,0.3158299324514494,0.5544241684528062,Operadores de planta y máquinas,Bus and tram drivers
Honduras,Cables y aparatos eléctricos,7223,444.4233229423065,1,0.0855645513993971,0.1209784669733826,0.2065430183727797,Oficios y artesanía,Metal working machine tool setters and operators
Honduras,Cables y aparatos eléctricos,9333,388.17220659192526,2,0.0942408189048726,0.1890989749332414,0.2833397938381141,Ocupaciones elementales,Freight handlers
Honduras,Cables y aparatos eléctricos,1321,330.28798055966087,1,0.0683760683760683,0.4102564102564102,0.4786324786324786,Dirección y gerencia,Manufacturing managers
Honduras,Cables y aparatos eléctricos,7412,288.0641411640686,1,0.1220976314834875,0.1976393829495566,0.3197370144330442,Oficios y artesanía,Electrical mechanics and fitters
Honduras,Cables y aparatos eléctricos,1212,132.11519222386434,1,0.0822649572649572,0.4935897435897436,0.5758547008547009,Dirección y gerencia,Human resource managers
Honduras,Cables y aparatos eléctricos,3341,94.36799444561738,1,0.0689655172413793,0.4827586206896552,0.5517241379310345,Técnicos y profesionales asociados,Office supervisors
Honduras,Cables y aparatos eléctricos,5414,94.36799444561738,1,0.1577380952380952,0.3135874542124542,0.4713255494505494,Servicios y ventas,Security guards
Honduras,Cables y aparatos eléctricos,8111,94.36799444561738,1,0.0226190476190476,0.0388227513227513,0.0614417989417989,Operadores de planta y máquinas,Miners and quarriers
Honduras,Cables y aparatos eléctricos,2141,82.57199513991522,1,0.1847826086956522,0.5543478260869565,0.7391304347826088,Profesionales e ingeniería,Industrial and production engineers
Honduras,Cables y aparatos eléctricos,8343,82.57199513991522,1,0.1131047315257841,0.1829611908559276,0.2960659223817118,Operadores de planta y máquinas,"Crane, hoist and related plant operators"
Honduras,Dispositivos médicos,3214,1528.2356143474076,3,0.0666666666666666,0.1725044563279857,0.2391711229946523,Técnicos y profesionales asociados,Medical and dental prosthetic technicians
Honduras,Electrónicos,7421,210.53479749229678,1,0.1762096237096237,0.3000903263403263,0.47629995004995,Oficios y artesanía,Electronics mechanics and servicers
Honduras,Resto,9211,498881.5745622877,1495,0.0666666666666666,0.15,0.2166666666666666,Ocupaciones elementales,Crop farm labourers
Honduras,Resto,5221,308918.0354279899,856,0.0,0.4705882352941176,0.4705882352941176,Servicios y ventas,Shopkeepers
Honduras,Resto,9313,178191.6104647043,480,0.0059523809523809,0.0104166666666666,0.0163690476190476,Ocupaciones elementales,Building construction labourers
Honduras,Resto,5223,142819.33628418186,404,0.1414473684210526,0.3453947368421052,0.4868421052631579,Servicios y ventas,Shop sales assistants
Honduras,Resto,7112,126805.38446618021,357,0.0,0.0178571428571428,0.0178571428571428,Oficios y artesanía,Bricklayers and related workers
Honduras,Resto,5120,123750.31676818547,351,0.0909954751131221,0.206447963800905,0.2974434389140272,Servicios y ventas,Cooks
Honduras,Resto,6111,109353.25595313263,343,0.0666666666666666,0.1416666666666666,0.2083333333333333,Agropecuario calificado,Field crop and vegetable growers
Honduras,Resto,7512,102139.79263193306,276,0.1666666666666667,0.2777777777777778,0.4444444444444445,Oficios y artesanía,"Bakers, pastry-cooks and confectionery makers"
Honduras,Resto,6112,93926.48659911823,282,0.0666666666666666,0.1416666666666666,0.2083333333333333,Agropecuario calificado,Tree and shrub crop growers
Honduras,Resto,9111,92393.22389596194,260,0.0,0.0,0.0,Ocupaciones elementales,Domestic cleaners and helpers
Honduras,Resto,5211,92257.69391805341,229,0.1666666666666667,0.25,0.4166666666666667,Servicios y ventas,Stall and market salespersons
Honduras,Resto,5414,79325.77896449421,263,0.1577380952380952,0.3135874542124542,0.4713255494505494,Servicios y ventas,Security guards
Honduras,Resto,8332,59410.8699065395,177,0.1278939651180738,0.2842452538972063,0.4121392190152801,Operadores de planta y máquinas,Heavy truck and lorry drivers
Honduras,Resto,7231,59003.22446879813,154,0.0357391627979863,0.0869469550057785,0.1226861178037648,Oficios y artesanía,Motor vehicle mechanics and repairers
Honduras,Resto,9212,57189.81753072789,165,0.0,0.0681818181818181,0.0681818181818181,Ocupaciones elementales,Livestock farm labourers
Honduras,Resto,2341,56199.69301962121,120,0.069172932330827,0.3298872180451128,0.3990601503759398,Profesionales e ingeniería,Primary school teachers
Honduras,Resto,9333,52148.010787790714,149,0.0942408189048726,0.1890989749332414,0.2833397938381141,Ocupaciones elementales,Freight handlers
Honduras,Resto,8153,51059.73362042399,164,0.0384615384615384,0.0769230769230769,0.1153846153846153,Operadores de planta y máquinas,Sewing machine operators
Honduras,Resto,6121,50183.36766688695,150,0.1083333333333333,0.2145833333333333,0.3229166666666666,Agropecuario calificado,Livestock and dairy producers
Honduras,Resto,9121,48082.115979029055,133,0.0,0.0178571428571428,0.0178571428571428,Ocupaciones elementales,Hand launderers and pressers
Honduras,Resto,5311,42275.79680901607,126,0.1115137442536823,0.2570421709353597,0.368555915189042,Servicios y ventas,Child care workers
Honduras,Resto,7212,41725.51645592187,113,0.067816091954023,0.0847701149425287,0.1525862068965517,Oficios y artesanía,Welders and flamecutters
Honduras,Resto,9412,40573.48798233284,114,0.010752688172043,0.0161290322580645,0.0268817204301075,Ocupaciones elementales,Kitchen helpers
Honduras,Resto,8322,39249.907557482504,125,0.1575025851341641,0.2663797277284119,0.423882312862576,Operadores de planta y máquinas,"Car, taxi and van drivers"
Honduras,Resto,9112,36671.7427132,117,0.0158730158730158,0.0238095238095238,0.0396825396825396,Ocupaciones elementales,"Cleaners and helpers in offices, hotels and other establishments"
Honduras,Resto,5141,33254.46342595496,95,0.0842897952468554,0.2021914868159315,0.286481282062787,Servicios y ventas,Hairdressers
Honduras,Resto,2330,30626.758160855417,63,0.03125,0.328125,0.359375,Profesionales e ingeniería,Secondary education teachers
Honduras,Resto,5230,30131.903015052532,88,0.1862068965517241,0.2373563218390804,0.4235632183908046,Servicios y ventas,Cashiers and ticket clerks
Honduras,Resto,5244,29661.779425113178,74,0.5833333333333334,0.7916666666666666,1.0,Servicios y ventas,Contact centre salespersons
Honduras,Resto,9621,28965.078727030053,102,0.1764705882352941,0.25,0.4264705882352941,Ocupaciones elementales,"Messengers, package deliverers and luggage porters"
Honduras,Resto,9520,27351.66140273459,76,0.1666666666666667,0.25,0.4166666666666667,Ocupaciones elementales,Street vendors (excluding food)
Honduras,Resto,4321,26836.2456437148,90,0.1999999999999999,0.3414141414141414,0.5414141414141413,Apoyo administrativo,Stock clerks
Honduras,Resto,7513,26524.785606864938,73,0.0876190476190476,0.1095238095238095,0.1971428571428571,Oficios y artesanía,Dairy-products makers
Honduras,Resto,3359,26252.932236326684,66,0.0909090909090909,0.2954545454545455,0.3863636363636364,Técnicos y profesionales asociados,Regulatory government associate professionals not elsewhere classified
Honduras,Resto,5131,25175.68965029281,75,0.0757142857142857,0.1614285714285714,0.2371428571428571,Servicios y ventas,Waiters
Honduras,Resto,5212,24718.81473381962,74,0.119047619047619,0.1964285714285714,0.3154761904761904,Servicios y ventas,Street food salespersons
Honduras,Resto,4311,23502.704064280166,67,0.6333333333333333,0.7833333333333333,1.0,Apoyo administrativo,Accounting and bookkeeping clerks
Honduras,Resto,2611,21679.45898757157,50,0.0,0.4318181818181818,0.4318181818181818,Profesionales e ingeniería,Lawyers
Honduras,Resto,7422,21234.293658619114,53,0.1486580086580086,0.2455844155844156,0.3942424242424243,Oficios y artesanía,Information and communications technology installers and servicers
Honduras,Resto,7115,20344.443271877615,57,0.0344827586206896,0.1379310344827586,0.1724137931034482,Oficios y artesanía,Carpenters and joiners
Honduras,Resto,7411,20223.90522547117,66,0.0476190476190476,0.1291208791208791,0.1767399267399267,Oficios y artesanía,Building and related electricians
Honduras,Resto,8321,19575.61290162034,44,0.1648958626512806,0.3103363354911342,0.4752321981424148,Operadores de planta y máquinas,Motorcycle drivers
Honduras,Resto,6113,19173.861082364136,53,0.0604395604395604,0.1382783882783883,0.1987179487179487,Agropecuario calificado,"Gardeners, horticultural and nursery growers"
Honduras,Resto,5249,18087.581335166156,52,0.25,0.53125,0.78125,Servicios y ventas,Sales workers not elsewhere classified
Honduras,Resto,7131,17983.00077279481,44,0.0263157894736842,0.0388157894736842,0.0651315789473684,Oficios y artesanía,Painters and related workers
Honduras,Resto,3221,17874.4921563922,47,0.0869565217391304,0.2391304347826087,0.3260869565217391,Técnicos y profesionales asociados,Nursing associate professionals
Honduras,Resto,9321,17356.329334349914,59,0.0833333333333333,0.0833333333333333,0.1666666666666666,Ocupaciones elementales,Hand packers
Honduras,Resto,9899,15255.448263227645,41,,,,Ocupaciones elementales,
Honduras,Resto,7531,14852.281839332562,42,0.0454545454545454,0.0909090909090909,0.1363636363636363,Oficios y artesanía,"Tailors, dressmakers, furriers and hatters"
Honduras,Resto,3323,14572.989489472058,39,0.0619883040935672,0.4967836257309941,0.5587719298245614,Técnicos y profesionales asociados,Buyers
Honduras,Resto,6122,14406.049857210368,41,0.1083333333333333,0.2145833333333333,0.3229166666666666,Agropecuario calificado,Poultry producers
Honduras,Resto,7132,14209.907975535361,41,0.0333333333333333,0.05,0.0833333333333333,Oficios y artesanía,Spray painters and varnishers
Honduras,Resto,8331,14135.705357838962,45,0.2385942360013567,0.3158299324514494,0.5544241684528062,Operadores de planta y máquinas,Bus and tram drivers
Honduras,Resto,2411,14059.90825036272,38,0.1423076923076923,0.5583333333333333,0.7006410256410257,Profesionales e ingeniería,Accountants
Honduras,Resto,7511,14018.915354451454,40,0.0333333333333333,0.0541666666666666,0.0875,Oficios y artesanía,"Butchers, fishmongers and related food preparers"
Honduras,Resto,7317,13516.246099522265,33,0.0,0.2666666666666667,0.2666666666666667,Oficios y artesanía,"Handicraft workers in wood, basketry and related materials"
Honduras,Resto,1420,13232.169292257257,34,0.0,0.4705882352941176,0.4705882352941176,Dirección y gerencia,Retail and wholesale trade managers
Honduras,Resto,7233,13064.921563090098,40,0.065213644380311,0.1366683202733927,0.2018819646537037,Oficios y artesanía,Agricultural and industrial machinery mechanics and repairers
Honduras,Resto,7543,13054.245501137164,38,0.25,0.40625,0.65625,Oficios y artesanía,Product graders and testers (excluding foods and beverages)
Honduras,Resto,3451,13019.862012018422,26,0.11277483283585299,0.319217466721449,0.43199229955730206,Técnicos y profesionales asociados,
Honduras,Resto,9122,12487.579702326666,37,0.0476190476190476,0.0714285714285714,0.119047619047619,Ocupaciones elementales,Vehicle cleaners
Honduras,Resto,3322,12017.842268512853,37,0.1892528941401121,0.5691445876596253,0.7583974817997374,Técnicos y profesionales asociados,Commercial sales representatives
Honduras,Resto,7522,11843.053860688635,28,0.0928571428571428,0.153327922077922,0.2461850649350649,Oficios y artesanía,Cabinet-makers and related workers
Honduras,Resto,1412,11658.836866158008,27,0.0714285714285714,0.4285714285714285,0.4999999999999999,Dirección y gerencia,Restaurant managers
Honduras,Resto,9214,11438.011994274897,34,0.0333333333333333,0.0935185185185185,0.1268518518518518,Ocupaciones elementales,Garden and horticultural labourers
Honduras,Resto,3453,11375.27195636637,27,0.11277483283585299,0.319217466721449,0.43199229955730206,Técnicos y profesionales asociados,
Honduras,Resto,4222,10920.148807892865,38,0.1719298245614035,0.5464912280701755,0.718421052631579,Apoyo administrativo,Contact centre information clerks
Honduras,Resto,7516,10732.218621020493,23,0.0832410483573274,0.0987449243263196,0.1819859726836471,Oficios y artesanía,Tobacco preparers and tobacco products makers
Honduras,Resto,3123,10521.9089795369,28,0.0333333333333333,0.4166666666666667,0.45,Técnicos y profesionales asociados,Construction supervisors
Honduras,Resto,4211,10483.69896009233,38,0.2610837438423645,0.4597701149425287,0.7208538587848932,Apoyo administrativo,Bank tellers and related clerks
Honduras,Resto,4415,10311.444257893143,28,0.4546783625730994,0.5760233918128655,1.0,Apoyo administrativo,Filing and copying clerks
Honduras,Resto,8160,10172.881361324398,30,0.0743414418398938,0.0783414418398938,0.1526828836797877,Operadores de planta y máquinas,Food and related products machine operators
Honduras,Resto,2211,10125.774674335404,25,0.0096152259866079,0.4407874326947311,0.450402658681339,Profesionales e ingeniería,Generalist medical practitioners
Honduras,Resto,7412,10047.27929568787,32,0.1220976314834875,0.1976393829495566,0.3197370144330442,Oficios y artesanía,Electrical mechanics and fitters
Honduras,Resto,5142,9907.335875372806,26,0.0935999240784541,0.2154475952598176,0.3090475193382718,Servicios y ventas,Beauticians and related workers
Honduras,Resto,7236,9480.70136224382,25,0.04647025921084225,0.19202448269539085,0.23849474190623313,Oficios y artesanía,
Honduras,Resto,3343,8727.693606671632,25,0.6461038961038961,0.8003246753246753,1.0,Técnicos y profesionales asociados,Administrative and executive secretaries
Honduras,Resto,4214,8440.026135020267,17,0.2714285714285714,0.6,0.8714285714285714,Apoyo administrativo,Debt-collectors and related workers
Honduras,Resto,2142,8255.414029199997,16,0.056338028169014,0.4859154929577465,0.5422535211267606,Profesionales e ingeniería,Civil engineers
Honduras,Resto,3413,8227.140971818962,21,0.1730435156518748,0.3763276143790849,0.5493711300309598,Técnicos y profesionales asociados,Religious associate professionals
Honduras,Resto,7533,8192.31345626232,23,0.0138888888888888,0.0930674264007597,0.1069563152896486,Oficios y artesanía,"Sewing, embroidery and related workers"
Honduras,Resto,7514,8167.4133602626025,20,0.1176470588235294,0.1176470588235294,0.2352941176470588,Oficios y artesanía,"Fruit, vegetable and related preservers"
Honduras,Resto,3122,8160.669036843218,26,0.15,0.4,0.55,Técnicos y profesionales asociados,Manufacturing supervisors
Honduras,Resto,2342,8003.55928298168,21,0.0564387917329093,0.2251589825119236,0.281597774244833,Profesionales e ingeniería,Early childhood educators
Honduras,Resto,2261,7989.828443071155,19,0.0125,0.1577922077922078,0.1702922077922078,Profesionales e ingeniería,Dentists
Honduras,Resto,9622,7929.374573038122,26,0.0249999999999999,0.1048611111111111,0.1298611111111111,Ocupaciones elementales,Odd job persons
Honduras,Resto,3341,7877.133530176715,26,0.0689655172413793,0.4827586206896552,0.5517241379310345,Técnicos y profesionales asociados,Office supervisors
Honduras,Resto,7536,7705.176586659317,22,0.0,0.074074074074074,0.074074074074074,Oficios y artesanía,Shoemakers and related workers
Honduras,Resto,5222,7614.678940503533,22,0.0952380952380952,0.5,0.5952380952380952,Servicios y ventas,Shop supervisors
Honduras,Resto,2221,7429.979044230929,18,0.0342434892313237,0.3425700639812563,0.37681355321258,Profesionales e ingeniería,Nursing professionals
Honduras,Resto,5322,7369.005482121602,17,0.1192919911186165,0.2200988210276135,0.33939081214623,Servicios y ventas,Home-based personal care workers
Honduras,Resto,4229,7274.9170778053885,21,0.4117647058823529,0.6764705882352942,1.0,Apoyo administrativo,Client information workers not elsewhere classified
Honduras,Resto,6223,7189.0286167345985,16,0.0666666666666666,0.1666666666666666,0.2333333333333333,Agropecuario calificado,Deep-sea fishery workers
Honduras,Resto,1345,7133.509200547806,20,0.0328663793103448,0.4436961206896551,0.4765624999999999,Dirección y gerencia,Education managers
Honduras,Resto,0110,7017.613417267425,19,,,,Fuerzas armadas,Commissioned armed forces officers
Honduras,Resto,9215,6916.610488316078,20,0.0476190476190476,0.0476190476190476,0.0952380952380952,Ocupaciones elementales,Forestry labourers
Honduras,Resto,1324,6743.745092395103,15,0.0166666666666666,0.4833333333333333,0.4999999999999999,Dirección y gerencia,"Supply, distribution and related managers"
Honduras,Resto,3312,6684.319006108628,23,0.2304347826086956,0.5960144927536233,0.8264492753623189,Técnicos y profesionales asociados,Credit and loans officers
Honduras,Resto,7534,6657.598089063216,20,0.1363636363636364,0.2272727272727273,0.3636363636363637,Oficios y artesanía,Upholsterers and related workers
Honduras,Resto,5170,6498.687115970378,24,0.12097668275981797,0.2315951847158446,0.3525718674756626,Servicios y ventas,
Honduras,Resto,2310,6468.292258724378,18,0.1941691997427701,0.4817105886228824,0.6758797883656525,Profesionales e ingeniería,University and higher education teachers
Honduras,Resto,5242,6421.287158142674,16,0.0833333333333333,0.1666666666666667,0.25,Servicios y ventas,Sales demonstrators
Honduras,Resto,7126,6336.361841440923,18,0.0098039215686274,0.0570728291316526,0.0668767507002801,Oficios y artesanía,Plumbers and pipe fitters
Honduras,Resto,5245,6168.528372034752,14,0.1472488038277512,0.2632775119617224,0.4105263157894736,Servicios y ventas,Service station attendants
Honduras,Resto,1311,6150.421840453483,14,0.0333333333333333,0.3833333333333334,0.4166666666666667,Dirección y gerencia,Agricultural and forestry production managers
Honduras,Resto,3139,5884.705210640427,22,0.6875,0.78125,1.0,Técnicos y profesionales asociados,Process control technicians not elsewhere classified
Honduras,Resto,8183,5863.682062262098,14,0.0,0.0,0.0,Operadores de planta y máquinas,"Packing, bottling and labelling machine operators"
Honduras,Resto,1120,5783.747923065677,17,0.0612244897959183,0.4801920768307323,0.5414165666266506,Dirección y gerencia,Managing directors and chief executives
Honduras,Resto,5112,5510.823283884376,17,0.1186773752563226,0.2704203691045796,0.3890977443609022,Servicios y ventas,Transport conductors
Honduras,Resto,2166,5479.117421577947,18,0.0357142857142857,0.5178571428571428,0.5535714285714285,Profesionales e ingeniería,Graphic and multimedia designers
Honduras,Resto,9612,5257.281947637904,21,0.1875,0.21875,0.40625,Ocupaciones elementales,Refuse sorters
Honduras,Resto,5412,5256.129970570664,16,0.0977932636469221,0.2932926829268292,0.3910859465737514,Servicios y ventas,Police officers
Honduras,Resto,4313,4996.073539916795,11,0.6818181818181818,0.8409090909090909,1.0,Apoyo administrativo,Payroll clerks
Honduras,Resto,4110,4880.3365855875245,15,0.3220551378446115,0.5883458646616542,0.9104010025062657,Apoyo administrativo,General office clerks
Honduras,Resto,4323,4855.042783960531,12,0.3076923076923077,0.6538461538461539,0.9615384615384616,Apoyo administrativo,Transport clerks
Honduras,Resto,1321,4760.05739452042,15,0.0683760683760683,0.4102564102564102,0.4786324786324786,Dirección y gerencia,Manufacturing managers
Honduras,Resto,5243,4719.250920536154,14,0.1666666666666667,0.25,0.4166666666666667,Servicios y ventas,Door to door salespersons
Honduras,Resto,7111,4681.662254529108,13,0.04,0.44,0.48,Oficios y artesanía,House builders
Honduras,Resto,2421,4592.751574944693,12,0.0876232201533406,0.46960569550931,0.5572289156626506,Profesionales e ingeniería,Management and organization analysts
Honduras,Resto,8142,4572.11114600312,14,0.0602166230455704,0.0904467337250812,0.1506633567706516,Operadores de planta y máquinas,Plastic products machine operators
Honduras,Resto,8111,4340.517475605981,15,0.0226190476190476,0.0388227513227513,0.0614417989417989,Operadores de planta y máquinas,Miners and quarriers
Honduras,Resto,2431,4333.538627032763,10,0.44359410430839,0.7079081632653061,1.0,Profesionales e ingeniería,Advertising and marketing professionals
Honduras,Resto,4120,4224.423378461892,13,0.34375,0.625,0.96875,Apoyo administrativo,Secretaries (general)
Honduras,Resto,8151,4048.1042453915093,8,0.0833333333333333,0.0833333333333333,0.1666666666666666,Operadores de planta y máquinas,"Fibre preparing, spinning and winding machine operators"
Honduras,Resto,6124,4041.6104924591705,7,0.1083333333333333,0.2145833333333333,0.3229166666666666,Agropecuario calificado,
Honduras,Resto,8152,3897.8973705754593,12,0.15,0.175,0.3249999999999999,Operadores de planta y máquinas,Weaving and knitting machine operators
Honduras,Resto,9334,3854.419744656161,9,0.1,0.1833333333333333,0.2833333333333333,Ocupaciones elementales,Shelf fillers
Honduras,Resto,1439,3614.287539428916,11,0.1261224779766979,0.4600348110258596,0.5861572890025576,Dirección y gerencia,Services managers not elsewhere classified
Honduras,Resto,3230,3562.4404327609254,9,0.1597222222222222,0.3602843915343915,0.5200066137566138,Técnicos y profesionales asociados,Traditional and complementary medicine associate professionals
Honduras,Resto,7122,3544.780344358482,12,0.01,0.0584821428571428,0.0684821428571428,Oficios y artesanía,Floor layers and tile setters
Honduras,Resto,4224,3499.8750140989473,9,0.1625,0.46875,0.63125,Apoyo administrativo,Hotel receptionists
Honduras,Resto,2634,3436.3395584484942,9,0.0641666666666666,0.4407200292397661,0.5048866959064328,Profesionales e ingeniería,Psychologists
Honduras,Resto,8343,3419.694544374774,9,0.1131047315257841,0.1829611908559276,0.2960659223817118,Operadores de planta y máquinas,"Crane, hoist and related plant operators"
Honduras,Resto,2132,3411.5558223512676,6,0.0222222222222222,0.4093827160493826,0.4316049382716048,Profesionales e ingeniería,"Farming, forestry and fisheries advisers"
Honduras,Resto,4419,3369.0059335480123,7,0.6867167919799498,0.831453634085213,1.0,Apoyo administrativo,Clerical support workers not elsewhere classified
Honduras,Resto,3132,3326.672590079215,10,0.1044642857142857,0.2111372180451127,0.3156015037593984,Técnicos y profesionales asociados,Incinerator and water treatment plant operators
Honduras,Resto,3344,3319.082939802483,10,0.5875,0.7770833333333333,1.0,Técnicos y profesionales asociados,Medical secretaries
Honduras,Resto,5312,3296.637713115545,9,0.2166666666666667,0.3166666666666666,0.5333333333333334,Servicios y ventas,Teachers' aides
Honduras,Resto,8172,3266.735288753952,8,0.0,0.0625,0.0625,Operadores de planta y máquinas,Wood processing plant operators
Honduras,Resto,5246,3258.022389401298,12,0.0425531914893617,0.0709219858156028,0.1134751773049645,Servicios y ventas,Food service counter attendants
Honduras,Resto,1212,3225.180673703784,9,0.0822649572649572,0.4935897435897436,0.5758547008547009,Dirección y gerencia,Human resource managers
Honduras,Resto,1221,3222.342968227303,10,0.025,0.4705882352941176,0.4955882352941176,Dirección y gerencia,Sales and marketing managers
Honduras,Resto,7113,3089.275077606779,7,0.0,0.0208333333333333,0.0208333333333333,Oficios y artesanía,"Stonemasons, stone cutters, splitters and carvers"
Honduras,Resto,1330,3086.9116315400915,7,0.1176470588235294,0.5294117647058824,0.6470588235294118,Dirección y gerencia,Information and communications technology service managers
Honduras,Resto,9613,3078.9166587251393,16,0.1642494019138756,0.2457012559808612,0.40995065789473684,Ocupaciones elementales,Sweepers and related labourers
Honduras,Resto,2512,2922.924771851387,8,0.7947368421052632,0.8675438596491228,1.0,Profesionales e ingeniería,Software developers
Honduras,Resto,2433,2914.851556988684,6,0.1065759637188208,0.5189909297052154,0.6255668934240363,Profesionales e ingeniería,Technical and medical sales professionals (excluding ICT)
Honduras,Resto,2413,2894.449402338499,7,0.0610219845513963,0.5142968142968143,0.5753187988482106,Profesionales e ingeniería,Financial analysts
Honduras,Resto,2642,2842.9944329946798,6,0.3166666666666666,0.6464285714285715,0.963095238095238,Profesionales e ingeniería,Journalists
Honduras,Resto,3431,2840.5622677664037,7,0.0344827586206896,0.396551724137931,0.4310344827586206,Técnicos y profesionales asociados,Photographers
Honduras,Resto,2212,2837.2711736907377,8,0.0421366252337308,0.3755343413821616,0.4176709666158923,Profesionales e ingeniería,Specialist medical practitioners
Honduras,Resto,3141,2782.298026191899,6,0.1987179487179487,0.4155982905982905,0.6143162393162394,Técnicos y profesionales asociados,Life science technicians (excluding medical)
Honduras,Resto,8157,2779.2660507758947,7,0.03125,0.0625,0.09375,Operadores de planta y máquinas,Laundry machine operators
Honduras,Resto,3355,2697.8818382928216,4,0.0961538461538461,0.3548076923076922,0.4509615384615384,Técnicos y profesionales asociados,Police inspectors and detectives
Honduras,Resto,2131,2689.6710660750427,6,0.085758377425044,0.4490001253890143,0.5347585028140583,Profesionales e ingeniería,"Biologists, botanists, zoologists and related professionals"
Honduras,Resto,1219,2680.3798276941793,4,0.1428751786008819,0.4929530629099043,0.6358282415107863,Dirección y gerencia,Business services and administration managers not elsewhere classified
Honduras,Resto,1112,2643.4619471971237,6,0.0408163265306122,0.457809210640778,0.4986255371713903,Dirección y gerencia,Senior government officials
Honduras,Resto,9624,2608.5018448416413,6,0.0512820512820512,0.0512820512820512,0.1025641025641025,Ocupaciones elementales,Water and firewood collectors
Honduras,Resto,7316,2606.0607525668543,6,0.0,0.0583333333333333,0.0583333333333333,Oficios y artesanía,"Sign writers, decorative painters, engravers and etchers"
Honduras,Resto,8159,2595.0544742394836,9,0.08011274179037335,0.09937022042285198,0.17948296221322532,Operadores de planta y máquinas,"Textile, fur and leather products machine operators not elsewhere classified"
Honduras,Resto,3253,2582.6079002102138,7,0.0689655172413793,0.3103448275862069,0.3793103448275862,Técnicos y profesionales asociados,Community health workers
Honduras,Resto,4132,2560.6228714624895,6,0.7777777777777778,0.8333333333333334,1.0,Apoyo administrativo,Data entry clerks
Honduras,Resto,8342,2539.2426465715016,8,0.0071428571428571,0.0107142857142857,0.0178571428571428,Operadores de planta y máquinas,Earthmoving and related plant operators
Honduras,Resto,9312,2464.3309564546007,8,0.0,0.0131578947368421,0.0131578947368421,Ocupaciones elementales,Civil engineering labourers
Honduras,Resto,5413,2324.069697562412,6,0.2048494983277592,0.2663043478260869,0.4711538461538461,Servicios y ventas,Prison guards
Honduras,Resto,3213,2317.9346972216663,5,0.2857142857142857,0.4047619047619048,0.6904761904761905,Técnicos y profesionales asociados,Pharmaceutical technicians and assistants
Honduras,Resto,3112,2213.5753928003555,11,0.1199999999999999,0.4266666666666666,0.5466666666666666,Técnicos y profesionales asociados,Civil engineering technicians
Honduras,Resto,4226,2124.662354017922,7,0.2105263157894737,0.5263157894736842,0.7368421052631579,Apoyo administrativo,Receptionists (general)
Honduras,Resto,7313,2113.990743231065,6,0.0384615384615384,0.1730769230769231,0.2115384615384615,Oficios y artesanía,Jewellery and precious-metal workers
Honduras,Resto,7314,2111.5999347133893,5,0.005813953488372,0.1624031007751938,0.1682170542635659,Oficios y artesanía,Potters and related workers
Honduras,Resto,7223,2093.270273977375,8,0.0855645513993971,0.1209784669733826,0.2065430183727797,Oficios y artesanía,Metal working machine tool setters and operators
Honduras,Resto,6222,2080.4632417404955,7,0.0666666666666666,0.1666666666666666,0.2333333333333333,Agropecuario calificado,Inland and coastal waters fishery workers
Honduras,Resto,9411,2064.4108487216536,4,0.0,0.0,0.0,Ocupaciones elementales,Fast food preparers
Honduras,Resto,9332,2061.6876933546096,7,0.1111111111111111,0.1388888888888889,0.25,Ocupaciones elementales,Drivers of animal-drawn vehicles and machinery
Honduras,Resto,5152,2049.3212846716897,5,0.0769230769230769,0.1554487179487179,0.2323717948717949,Servicios y ventas,Domestic housekeepers
Honduras,Resto,1114,2024.803169264427,7,0.0878741593255659,0.4956243487733258,0.5834985080988917,Dirección y gerencia,Senior officials of special-interest organizations
Honduras,Resto,1211,2021.7689638860036,4,0.0,0.4841269841269841,0.4841269841269841,Dirección y gerencia,Finance managers
Honduras,Resto,1342,1981.6430519743062,5,0.0,0.4166666666666667,0.4166666666666667,Dirección y gerencia,Health services managers
Honduras,Resto,3113,1947.5362358730322,7,0.225,0.4054487179487179,0.6304487179487179,Técnicos y profesionales asociados,Electrical engineering technicians
Honduras,Resto,2353,1906.8700853027105,3,0.1879967011545959,0.4068788424051581,0.594875543559754,Profesionales e ingeniería,Other language teachers
Honduras,Resto,6221,1855.6879926491804,5,0.1083333333333333,0.2145833333333333,0.3229166666666666,Agropecuario calificado,Aquaculture workers
Honduras,Resto,7322,1852.6205510322015,6,0.2173913043478261,0.3260869565217391,0.5434782608695652,Oficios y artesanía,Printers
Honduras,Resto,8341,1852.1088622906223,7,0.1111111111111111,0.1111111111111111,0.2222222222222222,Operadores de planta y máquinas,Mobile farm and forestry plant operators
Honduras,Resto,8212,1798.9019595862176,9,0.0481283422459893,0.1080162974280621,0.1561446396740514,Operadores de planta y máquinas,Electrical and electronic equipment assemblers
Honduras,Resto,8143,1786.6595862406261,4,0.0294117647058823,0.0294117647058823,0.0588235294117647,Operadores de planta y máquinas,Paper products machine operators
Honduras,Resto,3331,1778.294306883292,8,0.2272727272727272,0.5,0.7272727272727273,Técnicos y profesionales asociados,Clearing and forwarding agents
Honduras,Resto,3434,1766.8503750782895,4,0.1437728937728937,0.3809523809523809,0.5247252747252746,Técnicos y profesionales asociados,Chefs
Honduras,Resto,7125,1724.1256009177393,6,0.0,0.0925925925925925,0.0925925925925925,Oficios y artesanía,Glaziers
Honduras,Resto,9311,1630.4265689843483,7,0.0,0.0,0.0,Ocupaciones elementales,Mining and quarrying labourers
Honduras,Resto,1431,1602.7126621565003,4,0.2209559758304542,0.5063331949866141,0.7272891708170683,Dirección y gerencia,"Sports, recreation and cultural centre managers"
Honduras,Resto,7321,1600.801723904643,3,0.1866666666666666,0.5394444444444444,0.726111111111111,Oficios y artesanía,Pre-press technicians
Honduras,Resto,3142,1593.930254636266,4,0.1875,0.3645833333333333,0.5520833333333334,Técnicos y profesionales asociados,Agricultural technicians
Honduras,Resto,2163,1576.5926508610341,3,0.0,0.4352941176470588,0.4352941176470588,Profesionales e ingeniería,Product and garment designers
Honduras,Resto,3342,1562.4340819121246,4,0.3571428571428572,0.6785714285714286,1.0,Técnicos y profesionales asociados,Legal secretaries
Honduras,Resto,1222,1497.7591685486461,4,0.06875,0.5114583333333333,0.5802083333333333,Dirección y gerencia,Advertising and public relations managers
Honduras,Resto,2424,1482.2246564154168,2,0.1,0.55,0.65,Profesionales e ingeniería,Training and staff development professionals
Honduras,Resto,1346,1426.864783633503,6,0.0,0.4773576097105508,0.4773576097105508,Dirección y gerencia,Financial and insurance services branch managers
Honduras,Resto,4312,1409.8097614988608,6,0.375,0.6679166666666667,1.0,Apoyo administrativo,"Statistical, finance and insurance clerks"
Honduras,Resto,2161,1384.2865656279412,5,0.0833333333333333,0.5,0.5833333333333334,Profesionales e ingeniería,Building architects
Honduras,Resto,3411,1366.4802528526932,2,0.1460870313037496,0.4026552287581699,0.5487422600619195,Técnicos y profesionales asociados,Legal and related associate professionals
Honduras,Resto,3521,1359.1947451856147,4,0.133107553366174,0.4010160098522167,0.5341235632183907,Técnicos y profesionales asociados,Broadcasting and audio-visual technicians
Honduras,Resto,2651,1337.2508905509508,3,0.0,0.3364583333333333,0.3364583333333333,Profesionales e ingeniería,Visual artists
Honduras,Resto,3435,1308.6157464345124,4,0.1929302422723474,0.3068870091896408,0.4998172514619883,Técnicos y profesionales asociados,Other artistic and cultural associate professionals
Honduras,Resto,3259,1300.5659468130243,2,0.1092708692273909,0.3133355613790397,0.4226064306064306,Técnicos y profesionales asociados,Health associate professionals not elsewhere classified
Honduras,Resto,3315,1270.4516771143885,3,0.063847837985769,0.5233990147783251,0.587246852764094,Técnicos y profesionales asociados,Valuers and loss assessors
Honduras,Resto,9611,1266.3235552626595,5,0.1409988038277512,0.2726525119617224,0.4136513157894737,Ocupaciones elementales,Garbage and recycling collectors
Honduras,Resto,7235,1242.2547753206302,1,0.04647025921084225,0.19202448269539085,0.23849474190623313,Oficios y artesanía,
Honduras,Resto,3351,1237.4030157645443,5,0.1450948509485094,0.3821815718157181,0.5272764227642276,Técnicos y profesionales asociados,Customs and border inspectors
Honduras,Resto,3514,1218.989685784612,2,0.5951468710089399,0.77257343550447,1.0,Técnicos y profesionales asociados,Web technicians
Honduras,Resto,3258,1188.825182641137,5,0.1217948717948718,0.1810897435897436,0.3028846153846154,Técnicos y profesionales asociados,Ambulance workers
Honduras,Resto,2622,1185.128861179484,1,0.1666666666666667,0.5333333333333333,0.7000000000000001,Profesionales e ingeniería,Librarians and related information professionals
Honduras,Resto,7222,1185.128861179484,2,0.1891514939309057,0.2596113445378151,0.4487628384687208,Oficios y artesanía,Toolmakers and related workers
Honduras,Resto,5151,1141.7036016834481,4,0.1538461538461539,0.2692307692307692,0.4230769230769231,Servicios y ventas,"Cleaning and housekeeping supervisors in offices, hotels and other establishments"
Honduras,Resto,2514,1119.3433400007111,4,0.8823529411764706,0.9411764705882352,1.0,Profesionales e ingeniería,Applications programmers
Honduras,Resto,3114,1080.4345232353917,5,0.2,0.4166666666666667,0.6166666666666667,Técnicos y profesionales asociados,Electronics engineering technicians
Honduras,Resto,3321,1071.2770955945632,5,0.137287663603453,0.5593845725424673,0.6966722361459203,Técnicos y profesionales asociados,Insurance representatives
Honduras,Resto,7119,1066.7462769048825,4,0.0638095238095238,0.1064102564102564,0.1702197802197802,Oficios y artesanía,Building frame and related trades workers not elsewhere classified
Honduras,Resto,3422,1053.2049312526628,3,0.1626984126984127,0.3439484126984127,0.5066468253968254,Técnicos y profesionales asociados,"Sports coaches, instructors and officials"
Honduras,Resto,9510,1050.9692658737545,3,0.0,0.0416666666666666,0.0416666666666666,Ocupaciones elementales,Street and related service workers
Honduras,Resto,7421,1042.5178442128195,3,0.1762096237096237,0.3000903263403263,0.47629995004995,Oficios y artesanía,Electronics mechanics and servicers
Honduras,Resto,1411,1025.6372981930817,3,0.0416666666666666,0.4583333333333333,0.5,Dirección y gerencia,Hotel managers
Honduras,Resto,3332,1024.9359323871074,3,0.0952380952380952,0.4761904761904762,0.5714285714285714,Técnicos y profesionales asociados,Conference and event planners
Honduras,Resto,7214,1019.8582148593447,4,0.0,0.0393892339544513,0.0393892339544513,Oficios y artesanía,Structural-metal preparers and erectors
Honduras,Resto,2151,1018.4993841625153,3,0.2272727272727273,0.5454545454545454,0.7727272727272727,Profesionales e ingeniería,Electrical engineers
Honduras,Resto,7123,997.4091405988444,3,0.0222222222222222,0.035042735042735,0.0572649572649572,Oficios y artesanía,Plasterers
Honduras,Resto,2141,989.7921224496858,4,0.1847826086956522,0.5543478260869565,0.7391304347826088,Profesionales e ingeniería,Industrial and production engineers
Honduras,Resto,2262,982.4957216307183,2,0.1428571428571428,0.4285714285714285,0.5714285714285713,Profesionales e ingeniería,Pharmacists
Honduras,Resto,7127,937.9547546772642,7,0.056060606060606,0.2659090909090909,0.321969696969697,Oficios y artesanía,Air conditioning and refrigeration mechanics
Honduras,Resto,3511,909.258673663477,3,0.4790697674418605,0.7372093023255814,1.0,Técnicos y profesionales asociados,Information and communications technology operations technicians
Honduras,Resto,3254,892.2614151581201,4,0.0952380952380952,0.2857142857142857,0.3809523809523809,Técnicos y profesionales asociados,Dispensing opticians
Honduras,Resto,3240,888.846645884613,1,0.0858294930875575,0.1877880184331797,0.2736175115207373,Técnicos y profesionales asociados,Veterinary technicians and assistants
Honduras,Resto,2432,880.7679481590956,2,0.2222222222222222,0.5833333333333334,0.8055555555555556,Profesionales e ingeniería,Public relations professionals
Honduras,Resto,3457,875.3333823674507,2,0.11277483283585299,0.319217466721449,0.43199229955730206,Técnicos y profesionales asociados,
Honduras,Resto,3423,852.0764153151898,3,0.1016231435365908,0.2650247086560857,0.3666478521926765,Técnicos y profesionales asociados,Fitness and recreation instructors and program leaders
Honduras,Resto,1213,789.5054905961128,3,0.1261224779766979,0.4600348110258596,0.5861572890025576,Dirección y gerencia,Policy and planning managers
Honduras,Resto,3118,779.3120019794278,2,0.1017857142857142,0.5063244047619048,0.608110119047619,Técnicos y profesionales asociados,Draughtspersons
Honduras,Resto,1323,765.1671549632143,4,0.04,0.44,0.48,Dirección y gerencia,Construction managers
Honduras,Resto,5411,759.0580395438033,3,0.1666666666666666,0.2833333333333333,0.4499999999999999,Servicios y ventas,Fire-fighters
Honduras,Resto,3454,757.7084208695724,2,0.11277483283585299,0.319217466721449,0.43199229955730206,Técnicos y profesionales asociados,
Honduras,Resto,3154,745.3528651923781,1,0.0907270646973164,0.3371905554399833,0.4279176201372997,Técnicos y profesionales asociados,Air traffic controllers
Honduras,Resto,3319,745.3528651923781,1,0.3275132202069391,0.648413003711177,0.8266281145141715,Técnicos y profesionales asociados,
Honduras,Resto,5168,745.3528651923781,1,0.16369785343082555,0.2829181617029914,0.446616015133817,Servicios y ventas,
Honduras,Resto,8182,745.3528651923781,1,0.12,0.14,0.26,Operadores de planta y máquinas,Steam engine and boiler operators
Honduras,Resto,4414,736.8717912230387,1,0.1456046533445914,0.296814898208087,0.4424195515526784,Apoyo administrativo,Scribes and related workers
Honduras,Resto,2267,730.0463018951822,4,0.0,0.3,0.3,Profesionales e ingeniería,Optometrists and ophthalmic opticians
Honduras,Resto,8121,715.4953821059324,2,0.0651551956815114,0.0885981781376518,0.1537533738191633,Operadores de planta y máquinas,Metal processing plant operators
Honduras,Resto,2112,711.0773167076903,1,0.1481481481481481,0.5370370370370371,0.6851851851851852,Profesionales e ingeniería,Meteorologists
Honduras,Resto,9329,706.5368729594948,3,0.160472442182001,0.1878502335763364,0.3483226757583375,Ocupaciones elementales,Manufacturing labourers not elsewhere classified
Honduras,Resto,3513,703.9353076677544,3,0.4615384615384616,0.6346153846153846,1.0,Técnicos y profesionales asociados,Computer network and systems technicians
Honduras,Resto,5132,688.9883134900056,3,0.1,0.2,0.3,Servicios y ventas,Bartenders
Honduras,Resto,3255,621.1273876603151,1,0.1157407407407407,0.1802248677248677,0.2959656084656084,Técnicos y profesionales asociados,Physiotherapy technicians and assistants
Honduras,Resto,4416,621.1273876603151,1,0.2631578947368421,0.6052631578947368,0.868421052631579,Apoyo administrativo,Personnel clerks
Honduras,Resto,5163,621.1273876603151,1,0.12004662004662,0.1427738927738927,0.2628205128205128,Servicios y ventas,Undertakers and embalmers
Honduras,Resto,7318,618.0083625968086,2,0.0,0.074074074074074,0.074074074074074,Oficios y artesanía,"Handicraft workers in textile, leather and related materials"
Honduras,Resto,3352,617.2803024944326,2,0.16,0.56,0.7200000000000001,Técnicos y profesionales asociados,Government tax and excise officials
Honduras,Resto,9216,617.2803024944326,2,0.0,0.059090909090909,0.059090909090909,Ocupaciones elementales,Fishery and aquaculture labourers
Honduras,Resto,2656,609.3086979746067,3,0.3583333333333333,0.6583333333333333,1.0,Profesionales e ingeniería,"Announcers on radio, television and other media"
Honduras,Resto,2636,602.6241226494599,3,0.1741854636591479,0.3771929824561403,0.5513784461152882,Profesionales e ingeniería,Religious professionals
Honduras,Resto,7221,597.9607329691007,2,0.0,0.0384615384615384,0.0384615384615384,Oficios y artesanía,"Blacksmiths, hammersmiths and forging press workers"
Honduras,Resto,4223,592.564430589742,1,0.700657894736842,0.7689144736842105,1.0,Apoyo administrativo,Telephone switchboard operators
Honduras,Resto,6129,592.564430589742,1,0.1083333333333333,0.2145833333333333,0.3229166666666666,Agropecuario calificado,Animal producers not elsewhere classified
Honduras,Resto,8112,592.564430589742,1,0.0909090909090909,0.0909090909090909,0.1818181818181818,Operadores de planta y máquinas,Mineral and stone processing plant operators
Honduras,Resto,2643,582.812857653284,2,0.4866310160427807,0.7025401069518716,1.0,Profesionales e ingeniería,"Translators, interpreters and other linguists"
Honduras,Resto,6123,576.1282823281372,2,0.1083333333333333,0.2145833333333333,0.3229166666666666,Agropecuario calificado,Apiarists and sericulturists
Honduras,Resto,3412,533.6880715717482,2,0.2,0.35,0.55,Técnicos y profesionales asociados,Social work associate professionals
Honduras,Resto,0310,532.3949037088415,1,0.0652173913043478,0.2391304347826087,0.3043478260869565,Fuerzas armadas,"Armed forces occupations, other ranks"
Honduras,Resto,3212,526.9953180822217,2,0.0733333333333333,0.271159420289855,0.3444927536231884,Técnicos y profesionales asociados,Medical and pathology laboratory technicians
Honduras,Resto,2264,515.4375894302109,3,0.0616666666666666,0.22375,0.2854166666666666,Profesionales e ingeniería,Physiotherapists
Honduras,Resto,5113,507.91236907692166,1,0.1479188166494668,0.3187134502923976,0.4666322669418645,Servicios y ventas,Travel guides
Honduras,Resto,4213,500.55108783538367,2,0.2696304101577935,0.46885894587720145,0.7384893560349949,Apoyo administrativo,Pawnbrokers and money-lenders
Honduras,Resto,2355,491.24786081535916,1,0.1922514619883041,0.4051900584795321,0.5974415204678363,Profesionales e ingeniería,Other arts teachers
Honduras,Resto,2619,491.24786081535916,1,0.1,0.5,0.6,Profesionales e ingeniería,Legal professionals not elsewhere classified
Honduras,Resto,3143,465.84554074523635,1,0.0952380952380952,0.3571428571428572,0.4523809523809524,Técnicos y profesionales asociados,Forestry technicians
Honduras,Resto,5111,462.80389005713675,2,0.132451583504215,0.2402802460697197,0.3727318295739348,Servicios y ventas,Travel attendants and travel stewards
Honduras,Resto,4322,460.90262586250975,1,0.2941176470588235,0.6176470588235294,0.9117647058823528,Apoyo administrativo,Production clerks
Honduras,Resto,7213,460.90262586250975,1,0.0,0.0782563025210083,0.0782563025210083,Oficios y artesanía,Sheet-metal workers
Honduras,Resto,1344,459.89270676904596,2,0.0625,0.40625,0.46875,Dirección y gerencia,Social welfare managers
Honduras,Resto,7541,444.4233229423065,1,0.0,0.06,0.06,Oficios y artesanía,Underwater divers
Honduras,Resto,8154,444.4233229423065,1,0.125,0.1458333333333333,0.2708333333333332,Operadores de planta y máquinas,"Bleaching, dyeing and fabric cleaning machine operators"
Honduras,Resto,2351,429.84187821343926,2,0.2,0.5333333333333333,0.7333333333333334,Profesionales e ingeniería,Education methods specialists
Honduras,Resto,2521,426.8639087130798,2,0.8397932816537468,0.9198966408268734,1.0,Profesionales e ingeniería,Database designers and administrators
Honduras,Resto,2359,424.65597500527826,2,0.1383298933608531,0.3762684898520811,0.5145983832129343,Profesionales e ingeniería,Teaching professionals not elsewhere classified
Honduras,Resto,3313,404.8447100091024,2,0.5666666666666667,0.7833333333333333,1.0,Técnicos y profesionales asociados,Accounting associate professionals
Honduras,Resto,9623,385.33597731960435,2,0.3117408906882591,0.3694331983805667,0.6811740890688258,Ocupaciones elementales,Meter readers and vending-machine collectors
Honduras,Resto,3131,384.08552155209145,1,0.1134057971014492,0.3,0.4134057971014492,Técnicos y profesionales asociados,Power production plant operators
Honduras,Resto,4212,384.08552155209145,1,0.2763789152024446,0.3468067226890756,0.6231856378915203,Apoyo administrativo,"Bookmakers, croupiers and related gaming workers"
Honduras,Resto,7311,384.08552155209145,1,0.1008373205741626,0.2969896331738437,0.3978269537480064,Oficios y artesanía,Precision-instrument makers and repairers
Honduras,Resto,7319,382.432135609686,2,0.0,0.2666666666666667,0.2666666666666667,Oficios y artesanía,Handicraft workers not elsewhere classified
Honduras,Resto,3333,377.3207116291307,2,0.1538461538461538,0.3798076923076923,0.5336538461538461,Técnicos y profesionales asociados,Employment agents and contractors
Honduras,Resto,8113,375.6787877721272,2,0.0330143540669856,0.03995879851143,0.0729731525784157,Operadores de planta y máquinas,Well drillers and borers and related workers
Honduras,Resto,3334,372.95393669699445,3,0.0277777777777777,0.4732744107744107,0.5010521885521885,Técnicos y profesionales asociados,Real estate agents and property managers
Honduras,Resto,1111,368.43589561151936,1,0.0333333333333333,0.4,0.4333333333333333,Dirección y gerencia,Legislators
Honduras,Resto,2144,368.43589561151936,1,0.1351567209162146,0.4815275266224633,0.616684247538678,Profesionales e ingeniería,Mechanical engineers
Honduras,Resto,2265,368.43589561151936,1,0.1071428571428571,0.5178571428571429,0.625,Profesionales e ingeniería,Dieticians and nutritionists
Honduras,Resto,2354,368.43589561151936,1,0.1666666666666667,0.3666666666666666,0.5333333333333333,Profesionales e ingeniería,Other music teachers
Honduras,Resto,2523,368.43589561151936,1,0.3728813559322034,0.6440677966101694,1.0,Profesionales e ingeniería,Computer network professionals
Honduras,Resto,2529,368.43589561151936,1,0.4354952627045649,0.693348406546081,1.0,Profesionales e ingeniería,Database and network professionals not elsewhere classified
Honduras,Resto,3311,368.43589561151936,1,0.1555555555555555,0.5638888888888889,0.7194444444444444,Técnicos y profesionales asociados,Securities and finance dealers and brokers
Honduras,Resto,8131,368.43589561151936,1,0.0646075079846566,0.1097870223249394,0.174394530309596,Operadores de planta y máquinas,Chemical products plant and machine operators
Honduras,Resto,2412,330.28798055966087,1,0.0404761904761904,0.4987179487179487,0.5391941391941392,Profesionales e ingeniería,Financial and investment advisers
Honduras,Resto,7532,329.21616133036406,1,0.0787037037037037,0.2118055555555555,0.2905092592592593,Oficios y artesanía,Garment and related pattern-makers and cutters
Honduras,Resto,9213,329.21616133036406,1,0.0333333333333333,0.109090909090909,0.1424242424242424,Ocupaciones elementales,Mixed crop and livestock farm labourers
Honduras,Resto,2149,294.7487164892155,1,0.1888135142325086,0.5258246874168663,0.7146382016493749,Profesionales e ingeniería,Engineering professionals not elsewhere classified
Honduras,Resto,3251,288.0641411640686,1,0.0902777777777777,0.2083333333333333,0.2986111111111111,Técnicos y profesionales asociados,Dental assistants and therapists
Honduras,Resto,6117,288.0641411640686,1,0.06510989010989005,0.140819597069597,0.20592948717948714,Agropecuario calificado,
Honduras,Resto,7544,288.0641411640686,1,0.092063492063492,0.2023809523809524,0.2944444444444444,Oficios y artesanía,Fumigators and other pest and weed controllers
Honduras,Resto,8350,288.0641411640686,1,0.0178571428571428,0.0267857142857142,0.0446428571428571,Operadores de planta y máquinas,Ships' deck crews and related workers
Honduras,Resto,7413,283.10398333685214,3,0.0227272727272727,0.2159090909090909,0.2386363636363636,Oficios y artesanía,Electrical line installers and repairers
Honduras,Resto,2511,259.5119847254478,2,0.3333333333333333,0.6141025641025641,0.9474358974358974,Profesionales e ingeniería,Systems analysts
Honduras,Resto,8219,242.2111857437513,2,0.1818181818181818,0.2272727272727273,0.409090909090909,Operadores de planta y máquinas,Assemblers not elsewhere classified
Honduras,Resto,2631,210.53479749229678,1,0.1212121212121212,0.5606060606060606,0.6818181818181818,Profesionales e ingeniería,Economists
Honduras,Resto,4227,210.53479749229678,1,0.4705882352941176,0.6470588235294118,1.0,Apoyo administrativo,Survey and market research interviewers
Honduras,Resto,2113,184.21794780575968,1,0.1009615384615384,0.4266826923076923,0.5276442307692307,Profesionales e ingeniería,Chemists
Honduras,Resto,3432,184.21794780575968,1,0.0,0.3834567901234567,0.3834567901234567,Técnicos y profesionales asociados,Interior designers and decorators
Honduras,Resto,5169,184.21794780575968,1,0.0759691340651093,0.2282714138286893,0.3042405478937987,Servicios y ventas,Personal services workers not elsewhere classified
Honduras,Resto,7124,184.21794780575968,1,0.0,0.0442307692307692,0.0442307692307692,Oficios y artesanía,Insulation workers
Honduras,Resto,8189,176.9399895855326,2,0.0804000089738412,0.1016862408578992,0.1820862498317405,Operadores de planta y máquinas,Stationary plant and machine operators not elsewhere classified
Honduras,Resto,3353,165.14399027983043,1,0.3125490196078431,0.5965686274509805,0.9091176470588236,Técnicos y profesionales asociados,Government social benefits officials
Honduras,Resto,7234,165.14399027983043,1,0.0227272727272727,0.2627840909090909,0.2855113636363636,Oficios y artesanía,Bicycle and related repairers
Honduras,Resto,9331,165.14399027983043,1,0.1732026143790849,0.2165032679738562,0.3897058823529411,Ocupaciones elementales,Hand and pedal vehicle drivers
Honduras,Resto,3354,163.74928693845305,1,0.3066666666666666,0.6000000000000001,0.9066666666666668,Técnicos y profesionales asociados,Government licensing officials
Honduras,Resto,2152,132.11519222386434,1,0.4166666666666666,0.6507936507936507,1.0,Profesionales e ingeniería,Electronics engineers
Honduras,Resto,2133,110.09599351988695,1,0.0540047581284694,0.4756938937351309,0.5296986518636003,Profesionales e ingeniería,Environmental protection professionals
Honduras,Resto,3421,110.09599351988695,1,0.0,0.0,0.0,Técnicos y profesionales asociados,Athletes and sports players
Honduras,Resto,7515,110.09599351988695,1,0.1287878787878788,0.2310606060606061,0.359848484848485,Oficios y artesanía,Food and beverage tasters and graders
Honduras,Resto,7523,110.09599351988695,1,0.0384615384615384,0.0769230769230769,0.1153846153846153,Oficios y artesanía,Woodworking-machine tool setters and operators
Honduras,Resto,2165,82.57199513991522,1,0.1107142857142857,0.5241071428571429,0.6348214285714286,Profesionales e ingeniería,Cartographers and surveyors
México,Cables y aparatos eléctricos,8212,101200.75,1496,0.0481283422459893,0.1080162974280621,0.1561446396740514,Operadores de planta y máquinas,Electrical and electronic equipment assemblers
México,Cables y aparatos eléctricos,3122,28917.25,433,0.15,0.4,0.55,Técnicos y profesionales asociados,Manufacturing supervisors
México,Cables y aparatos eléctricos,8211,27324.0,336,0.0,0.05,0.05,Operadores de planta y máquinas,Mechanical machinery assemblers
México,Cables y aparatos eléctricos,9321,24772.0,373,0.0833333333333333,0.0833333333333333,0.1666666666666666,Ocupaciones elementales,Hand packers
México,Cables y aparatos eléctricos,8121,18533.0,233,0.0651551956815114,0.0885981781376518,0.1537533738191633,Operadores de planta y máquinas,Metal processing plant operators
México,Cables y aparatos eléctricos,8141,13851.75,228,0.0570153360851035,0.0706654877534554,0.1276808238385589,Operadores de planta y máquinas,Rubber products machine operators
México,Cables y aparatos eléctricos,4321,13381.0,162,0.1999999999999999,0.3414141414141414,0.5414141414141413,Apoyo administrativo,Stock clerks
México,Cables y aparatos eléctricos,8343,9594.0,139,0.1131047315257841,0.1829611908559276,0.2960659223817118,Operadores de planta y máquinas,"Crane, hoist and related plant operators"
México,Cables y aparatos eléctricos,3115,8602.75,133,0.1477355072463768,0.3503239966555184,0.4980595039018952,Técnicos y profesionales asociados,Mechanical engineering technicians
México,Cables y aparatos eléctricos,1321,7611.75,151,0.0683760683760683,0.4102564102564102,0.4786324786324786,Dirección y gerencia,Manufacturing managers
México,Cables y aparatos eléctricos,1212,6112.5,74,0.0822649572649572,0.4935897435897436,0.5758547008547009,Dirección y gerencia,Human resource managers
México,Cables y aparatos eléctricos,2141,4345.0,66,0.1847826086956522,0.5543478260869565,0.7391304347826088,Profesionales e ingeniería,Industrial and production engineers
México,Cables y aparatos eléctricos,4110,3928.5,37,0.3220551378446115,0.5883458646616542,0.9104010025062657,Apoyo administrativo,General office clerks
México,Cables y aparatos eléctricos,8122,3656.5,46,0.0589580010632642,0.0732854864433811,0.1322434875066453,Operadores de planta y máquinas,"Metal finishing, plating and coating machine operators"
México,Cables y aparatos eléctricos,4132,3449.75,41,0.7777777777777778,0.8333333333333334,1.0,Apoyo administrativo,Data entry clerks
México,Cables y aparatos eléctricos,3323,3161.0,47,0.0619883040935672,0.4967836257309941,0.5587719298245614,Técnicos y profesionales asociados,Buyers
México,Cables y aparatos eléctricos,9613,2963.75,35,0.1642494019138756,0.2457012559808612,0.40995065789473684,Ocupaciones elementales,Sweepers and related labourers
México,Cables y aparatos eléctricos,7233,2795.5,42,0.065213644380311,0.1366683202733927,0.2018819646537037,Oficios y artesanía,Agricultural and industrial machinery mechanics and repairers
México,Cables y aparatos eléctricos,8151,2490.0,68,0.0833333333333333,0.0833333333333333,0.1666666666666666,Operadores de planta y máquinas,"Fibre preparing, spinning and winding machine operators"
México,Cables y aparatos eléctricos,2421,2485.75,32,0.0876232201533406,0.46960569550931,0.5572289156626506,Profesionales e ingeniería,Management and organization analysts
México,Cables y aparatos eléctricos,8181,2440.75,24,0.0729931476565503,0.0807450856410464,0.1537382332975967,Operadores de planta y máquinas,Glass and ceramics plant operators
México,Cables y aparatos eléctricos,2152,2416.0,32,0.4166666666666666,0.6507936507936507,1.0,Profesionales e ingeniería,Electronics engineers
México,Cables y aparatos eléctricos,2433,1684.25,13,0.1065759637188208,0.5189909297052154,0.6255668934240363,Profesionales e ingeniería,Technical and medical sales professionals (excluding ICT)
México,Cables y aparatos eléctricos,2359,1630.0,28,0.1383298933608531,0.3762684898520811,0.5145983832129343,Profesionales e ingeniería,Teaching professionals not elsewhere classified
México,Cables y aparatos eléctricos,3511,1491.75,12,0.4790697674418605,0.7372093023255814,1.0,Técnicos y profesionales asociados,Information and communications technology operations technicians
México,Cables y aparatos eléctricos,2411,1411.0,16,0.1423076923076923,0.5583333333333333,0.7006410256410257,Profesionales e ingeniería,Accountants
México,Cables y aparatos eléctricos,2511,1381.5,19,0.3333333333333333,0.6141025641025641,0.9474358974358974,Profesionales e ingeniería,Systems analysts
México,Cables y aparatos eléctricos,9333,1134.5,7,0.0942408189048726,0.1890989749332414,0.2833397938381141,Ocupaciones elementales,Freight handlers
México,Cables y aparatos eléctricos,7412,1129.5,11,0.1220976314834875,0.1976393829495566,0.3197370144330442,Oficios y artesanía,Electrical mechanics and fitters
México,Cables y aparatos eléctricos,3312,1077.5,17,0.2304347826086956,0.5960144927536233,0.8264492753623189,Técnicos y profesionales asociados,Credit and loans officers
México,Cables y aparatos eléctricos,3116,1067.75,17,0.1326086956521739,0.3195652173913044,0.4521739130434783,Técnicos y profesionales asociados,Chemical engineering technicians
México,Cables y aparatos eléctricos,5211,986.5,4,0.1666666666666667,0.25,0.4166666666666667,Servicios y ventas,Stall and market salespersons
México,Cables y aparatos eléctricos,5223,976.25,13,0.1414473684210526,0.3453947368421052,0.4868421052631579,Servicios y ventas,Shop sales assistants
México,Cables y aparatos eléctricos,7421,880.0,18,0.1762096237096237,0.3000903263403263,0.47629995004995,Oficios y artesanía,Electronics mechanics and servicers
México,Cables y aparatos eléctricos,5413,852.25,6,0.2048494983277592,0.2663043478260869,0.4711538461538461,Servicios y ventas,Prison guards
México,Cables y aparatos eléctricos,3135,717.0,13,0.0666666666666666,0.1,0.1666666666666666,Técnicos y profesionales asociados,Metal production process controllers
México,Cables y aparatos eléctricos,7411,714.0,13,0.0476190476190476,0.1291208791208791,0.1767399267399267,Oficios y artesanía,Building and related electricians
México,Cables y aparatos eléctricos,8332,701.75,8,0.1278939651180738,0.2842452538972063,0.4121392190152801,Operadores de planta y máquinas,Heavy truck and lorry drivers
México,Cables y aparatos eléctricos,8189,666.25,15,0.0804000089738412,0.1016862408578992,0.1820862498317405,Operadores de planta y máquinas,Stationary plant and machine operators not elsewhere classified
México,Cables y aparatos eléctricos,3341,646.25,10,0.0689655172413793,0.4827586206896552,0.5517241379310345,Técnicos y profesionales asociados,Office supervisors
México,Cables y aparatos eléctricos,7213,635.5,6,0.0,0.0782563025210083,0.0782563025210083,Oficios y artesanía,Sheet-metal workers
México,Cables y aparatos eléctricos,3139,589.75,18,0.6875,0.78125,1.0,Técnicos y profesionales asociados,Process control technicians not elsewhere classified
México,Cables y aparatos eléctricos,1221,577.0,4,0.025,0.4705882352941176,0.4955882352941176,Dirección y gerencia,Sales and marketing managers
México,Cables y aparatos eléctricos,1213,557.5,3,0.1261224779766979,0.4600348110258596,0.5861572890025576,Dirección y gerencia,Policy and planning managers
México,Cables y aparatos eléctricos,1420,554.5,4,0.0,0.4705882352941176,0.4705882352941176,Dirección y gerencia,Retail and wholesale trade managers
México,Cables y aparatos eléctricos,4214,522.5,4,0.2714285714285714,0.6,0.8714285714285714,Apoyo administrativo,Debt-collectors and related workers
México,Cables y aparatos eléctricos,4222,520.5,4,0.1719298245614035,0.5464912280701755,0.718421052631579,Apoyo administrativo,Contact centre information clerks
México,Cables y aparatos eléctricos,3113,519.25,8,0.225,0.4054487179487179,0.6304487179487179,Técnicos y profesionales asociados,Electrical engineering technicians
México,Cables y aparatos eléctricos,1330,489.0,2,0.1176470588235294,0.5294117647058824,0.6470588235294118,Dirección y gerencia,Information and communications technology service managers
México,Cables y aparatos eléctricos,2153,468.5,1,0.3333333333333333,0.6071428571428571,0.9404761904761904,Profesionales e ingeniería,Telecommunications engineers
México,Cables y aparatos eléctricos,2144,467.0,9,0.1351567209162146,0.4815275266224633,0.616684247538678,Profesionales e ingeniería,Mechanical engineers
México,Cables y aparatos eléctricos,7126,459.0,1,0.0098039215686274,0.0570728291316526,0.0668767507002801,Oficios y artesanía,Plumbers and pipe fitters
México,Cables y aparatos eléctricos,7127,449.75,4,0.056060606060606,0.2659090909090909,0.321969696969697,Oficios y artesanía,Air conditioning and refrigeration mechanics
México,Cables y aparatos eléctricos,2151,415.0,9,0.2272727272727273,0.5454545454545454,0.7727272727272727,Profesionales e ingeniería,Electrical engineers
México,Cables y aparatos eléctricos,7212,387.75,9,0.067816091954023,0.0847701149425287,0.1525862068965517,Oficios y artesanía,Welders and flamecutters
México,Cables y aparatos eléctricos,1324,385.0,6,0.0166666666666666,0.4833333333333333,0.4999999999999999,Dirección y gerencia,"Supply, distribution and related managers"
México,Cables y aparatos eléctricos,3131,383.5,2,0.1134057971014492,0.3,0.4134057971014492,Técnicos y profesionales asociados,Power production plant operators
México,Cables y aparatos eléctricos,1223,383.0,1,0.0946428571428571,0.4955357142857143,0.5901785714285714,Dirección y gerencia,Research and development managers
México,Cables y aparatos eléctricos,2431,362.25,4,0.44359410430839,0.7079081632653061,1.0,Profesionales e ingeniería,Advertising and marketing professionals
México,Cables y aparatos eléctricos,5120,353.25,3,0.0909954751131221,0.206447963800905,0.2974434389140272,Servicios y ventas,Cooks
México,Cables y aparatos eléctricos,1211,351.5,5,0.0,0.4841269841269841,0.4841269841269841,Dirección y gerencia,Finance managers
México,Cables y aparatos eléctricos,1120,340.75,7,0.0612244897959183,0.4801920768307323,0.5414165666266506,Dirección y gerencia,Managing directors and chief executives
México,Cables y aparatos eléctricos,8160,339.0,8,0.0743414418398938,0.0783414418398938,0.1526828836797877,Operadores de planta y máquinas,Food and related products machine operators
México,Cables y aparatos eléctricos,3343,320.5,3,0.6461038961038961,0.8003246753246753,1.0,Técnicos y profesionales asociados,Administrative and executive secretaries
México,Cables y aparatos eléctricos,2211,283.25,6,0.0096152259866079,0.4407874326947311,0.450402658681339,Profesionales e ingeniería,Generalist medical practitioners
México,Cables y aparatos eléctricos,7231,260.25,4,0.0357391627979863,0.0869469550057785,0.1226861178037648,Oficios y artesanía,Motor vehicle mechanics and repairers
México,Cables y aparatos eléctricos,1323,220.0,3,0.04,0.44,0.48,Dirección y gerencia,Construction managers
México,Cables y aparatos eléctricos,3133,217.75,7,0.0526315789473684,0.1578947368421053,0.2105263157894737,Técnicos y profesionales asociados,Chemical processing plant controllers
México,Cables y aparatos eléctricos,8331,217.0,5,0.2385942360013567,0.3158299324514494,0.5544241684528062,Operadores de planta y máquinas,Bus and tram drivers
México,Cables y aparatos eléctricos,9313,212.5,2,0.0059523809523809,0.0104166666666666,0.0163690476190476,Ocupaciones elementales,Building construction labourers
México,Cables y aparatos eléctricos,4227,178.5,1,0.4705882352941176,0.6470588235294118,1.0,Apoyo administrativo,Survey and market research interviewers
México,Cables y aparatos eléctricos,3112,172.0,1,0.1199999999999999,0.4266666666666666,0.5466666666666666,Técnicos y profesionales asociados,Civil engineering technicians
México,Cables y aparatos eléctricos,3331,166.25,3,0.2272727272727272,0.5,0.7272727272727273,Técnicos y profesionales asociados,Clearing and forwarding agents
México,Cables y aparatos eléctricos,8153,151.5,2,0.0384615384615384,0.0769230769230769,0.1153846153846153,Operadores de planta y máquinas,Sewing machine operators
México,Cables y aparatos eléctricos,9329,151.5,3,0.160472442182001,0.1878502335763364,0.3483226757583375,Ocupaciones elementales,Manufacturing labourers not elsewhere classified
México,Cables y aparatos eléctricos,1439,151.25,2,0.1261224779766979,0.4600348110258596,0.5861572890025576,Dirección y gerencia,Services managers not elsewhere classified
México,Cables y aparatos eléctricos,4323,149.75,1,0.3076923076923077,0.6538461538461539,0.9615384615384616,Apoyo administrativo,Transport clerks
México,Cables y aparatos eléctricos,5222,148.25,3,0.0952380952380952,0.5,0.5952380952380952,Servicios y ventas,Shop supervisors
México,Cables y aparatos eléctricos,3257,136.75,4,0.1278294074346706,0.3639200711569132,0.4917494785915839,Técnicos y profesionales asociados,Environmental and occupational health inspectors and associates
México,Cables y aparatos eléctricos,7315,122.0,2,0.0205426356589147,0.0360465116279069,0.0565891472868217,Oficios y artesanía,"Glass makers, cutters, grinders and finishers"
México,Cables y aparatos eléctricos,5244,120.75,1,0.5833333333333334,0.7916666666666666,1.0,Servicios y ventas,Contact centre salespersons
México,Cables y aparatos eléctricos,8152,111.0,2,0.15,0.175,0.3249999999999999,Operadores de planta y máquinas,Weaving and knitting machine operators
México,Cables y aparatos eléctricos,2521,110.0,2,0.8397932816537468,0.9198966408268734,1.0,Profesionales e ingeniería,Database designers and administrators
México,Cables y aparatos eléctricos,3521,106.0,2,0.133107553366174,0.4010160098522167,0.5341235632183907,Técnicos y profesionales asociados,Broadcasting and audio-visual technicians
México,Cables y aparatos eléctricos,3118,98.25,1,0.1017857142857142,0.5063244047619048,0.608110119047619,Técnicos y profesionales asociados,Draughtspersons
México,Cables y aparatos eléctricos,8172,97.5,2,0.0,0.0625,0.0625,Operadores de planta y máquinas,Wood processing plant operators
México,Cables y aparatos eléctricos,3111,95.25,2,0.1409722222222222,0.4475694444444444,0.5885416666666667,Técnicos y profesionales asociados,Chemical and physical science technicians
México,Cables y aparatos eléctricos,7311,93.5,1,0.1008373205741626,0.2969896331738437,0.3978269537480064,Oficios y artesanía,Precision-instrument makers and repairers
México,Cables y aparatos eléctricos,3351,89.0,1,0.1450948509485094,0.3821815718157181,0.5272764227642276,Técnicos y profesionales asociados,Customs and border inspectors
México,Cables y aparatos eléctricos,9621,84.5,1,0.1764705882352941,0.25,0.4264705882352941,Ocupaciones elementales,"Messengers, package deliverers and luggage porters"
México,Cables y aparatos eléctricos,7317,80.75,1,0.0,0.2666666666666667,0.2666666666666667,Oficios y artesanía,"Handicraft workers in wood, basketry and related materials"
México,Cables y aparatos eléctricos,3121,78.75,2,0.0333333333333333,0.4166666666666667,0.45,Técnicos y profesionales asociados,Mining supervisors
México,Cables y aparatos eléctricos,8155,76.75,1,0.08011274179037335,0.09937022042285198,0.17948296221322532,Operadores de planta y máquinas,Fur and leather preparing machine operators
México,Cables y aparatos eléctricos,5131,72.25,1,0.0757142857142857,0.1614285714285714,0.2371428571428571,Servicios y ventas,Waiters
México,Cables y aparatos eléctricos,5142,68.0,3,0.0935999240784541,0.2154475952598176,0.3090475193382718,Servicios y ventas,Beauticians and related workers
México,Cables y aparatos eléctricos,2643,64.75,2,0.4866310160427807,0.7025401069518716,1.0,Profesionales e ingeniería,"Translators, interpreters and other linguists"
México,Cables y aparatos eléctricos,1345,57.5,1,0.0328663793103448,0.4436961206896551,0.4765624999999999,Dirección y gerencia,Education managers
México,Cables y aparatos eléctricos,3211,53.25,1,0.049551267147175,0.3152530419282337,0.3648043090754088,Técnicos y profesionales asociados,Medical imaging and therapeutic equipment technicians
México,Cables y aparatos eléctricos,8154,51.0,1,0.125,0.1458333333333333,0.2708333333333332,Operadores de planta y máquinas,"Bleaching, dyeing and fabric cleaning machine operators"
México,Cables y aparatos eléctricos,2142,49.75,1,0.056338028169014,0.4859154929577465,0.5422535211267606,Profesionales e ingeniería,Civil engineers
México,Cables y aparatos eléctricos,7124,49.75,1,0.0,0.0442307692307692,0.0442307692307692,Oficios y artesanía,Insulation workers
México,Cables y aparatos eléctricos,3153,47.5,2,0.0956017666543982,0.3011593669488406,0.3967611336032388,Técnicos y profesionales asociados,Aircraft pilots and related associate professionals
México,Cables y aparatos eléctricos,8143,46.0,1,0.0294117647058823,0.0294117647058823,0.0588235294117647,Operadores de planta y máquinas,Paper products machine operators
México,Cables y aparatos eléctricos,3221,45.0,1,0.0869565217391304,0.2391304347826087,0.3260869565217391,Técnicos y profesionales asociados,Nursing associate professionals
México,Cables y aparatos eléctricos,4223,44.75,1,0.700657894736842,0.7689144736842105,1.0,Apoyo administrativo,Telephone switchboard operators
México,Cables y aparatos eléctricos,2111,42.0,1,0.2627450980392157,0.5705882352941176,0.8333333333333333,Profesionales e ingeniería,Physicists and astronomers
México,Cables y aparatos eléctricos,7211,39.0,1,0.0151515151515151,0.0378787878787878,0.053030303030303,Oficios y artesanía,Metal moulders and coremakers
México,Cables y aparatos eléctricos,7221,39.0,1,0.0,0.0384615384615384,0.0384615384615384,Oficios y artesanía,"Blacksmiths, hammersmiths and forging press workers"
México,Cables y aparatos eléctricos,8342,36.25,1,0.0071428571428571,0.0107142857142857,0.0178571428571428,Operadores de planta y máquinas,Earthmoving and related plant operators
México,Cables y aparatos eléctricos,4224,35.75,1,0.1625,0.46875,0.63125,Apoyo administrativo,Hotel receptionists
México,Cables y aparatos eléctricos,2263,33.75,1,0.1488095238095238,0.4322916666666666,0.5811011904761905,Profesionales e ingeniería,Environmental and occupational health and hygiene professionals
México,Cables y aparatos eléctricos,2240,31.75,1,0.0,0.25,0.25,Profesionales e ingeniería,Paramedical practitioners
México,Cables y aparatos eléctricos,2654,30.0,1,0.0899794831499912,0.4899598393574297,0.579939322507421,Profesionales e ingeniería,"Film, stage and related directors and producers"
México,Cables y aparatos eléctricos,4415,28.75,1,0.4546783625730994,0.5760233918128655,1.0,Apoyo administrativo,Filing and copying clerks
México,Cables y aparatos eléctricos,8113,26.0,1,0.0330143540669856,0.03995879851143,0.0729731525784157,Operadores de planta y máquinas,Well drillers and borers and related workers
México,Cables y aparatos eléctricos,2212,25.75,1,0.0421366252337308,0.3755343413821616,0.4176709666158923,Profesionales e ingeniería,Specialist medical practitioners
México,Cables y aparatos eléctricos,3152,21.0,1,0.1472488038277512,0.2966108452950558,0.443859649122807,Técnicos y profesionales asociados,Ships' deck officers and pilots
México,Cables y aparatos eléctricos,7222,18.5,1,0.1891514939309057,0.2596113445378151,0.4487628384687208,Oficios y artesanía,Toolmakers and related workers
México,Cables y aparatos eléctricos,2112,12.5,1,0.1481481481481481,0.5370370370370371,0.6851851851851852,Profesionales e ingeniería,Meteorologists
México,Cables y aparatos eléctricos,4211,7.75,1,0.2610837438423645,0.4597701149425287,0.7208538587848932,Apoyo administrativo,Bank tellers and related clerks
México,Electrónicos,8212,110208.0,1711,0.0481283422459893,0.1080162974280621,0.1561446396740514,Operadores de planta y máquinas,Electrical and electronic equipment assemblers
México,Electrónicos,3122,32974.75,479,0.15,0.4,0.55,Técnicos y profesionales asociados,Manufacturing supervisors
México,Electrónicos,9321,21544.0,315,0.0833333333333333,0.0833333333333333,0.1666666666666666,Ocupaciones elementales,Hand packers
México,Electrónicos,4321,16559.5,193,0.1999999999999999,0.3414141414141414,0.5414141414141413,Apoyo administrativo,Stock clerks
México,Electrónicos,2511,9858.5,101,0.3333333333333333,0.6141025641025641,0.9474358974358974,Profesionales e ingeniería,Systems analysts
México,Electrónicos,3115,9842.25,154,0.1477355072463768,0.3503239966555184,0.4980595039018952,Técnicos y profesionales asociados,Mechanical engineering technicians
México,Electrónicos,1321,8095.0,117,0.0683760683760683,0.4102564102564102,0.4786324786324786,Dirección y gerencia,Manufacturing managers
México,Electrónicos,1212,5957.25,79,0.0822649572649572,0.4935897435897436,0.5758547008547009,Dirección y gerencia,Human resource managers
México,Electrónicos,2152,5411.25,69,0.4166666666666666,0.6507936507936507,1.0,Profesionales e ingeniería,Electronics engineers
México,Electrónicos,8141,5280.25,102,0.0570153360851035,0.0706654877534554,0.1276808238385589,Operadores de planta y máquinas,Rubber products machine operators
México,Electrónicos,2141,5268.0,83,0.1847826086956522,0.5543478260869565,0.7391304347826088,Profesionales e ingeniería,Industrial and production engineers
México,Electrónicos,3511,5231.75,41,0.4790697674418605,0.7372093023255814,1.0,Técnicos y profesionales asociados,Information and communications technology operations technicians
México,Electrónicos,4110,4688.75,46,0.3220551378446115,0.5883458646616542,0.9104010025062657,Apoyo administrativo,General office clerks
México,Electrónicos,8121,4635.25,81,0.0651551956815114,0.0885981781376518,0.1537533738191633,Operadores de planta y máquinas,Metal processing plant operators
México,Electrónicos,8343,4575.75,70,0.1131047315257841,0.1829611908559276,0.2960659223817118,Operadores de planta y máquinas,"Crane, hoist and related plant operators"
México,Electrónicos,7421,4391.75,50,0.1762096237096237,0.3000903263403263,0.47629995004995,Oficios y artesanía,Electronics mechanics and servicers
México,Electrónicos,3323,4053.0,55,0.0619883040935672,0.4967836257309941,0.5587719298245614,Técnicos y profesionales asociados,Buyers
México,Electrónicos,8211,3761.0,66,0.0,0.05,0.05,Operadores de planta y máquinas,Mechanical machinery assemblers
México,Electrónicos,2359,2225.25,20,0.1383298933608531,0.3762684898520811,0.5145983832129343,Profesionales e ingeniería,Teaching professionals not elsewhere classified
México,Electrónicos,4132,2095.75,33,0.7777777777777778,0.8333333333333334,1.0,Apoyo administrativo,Data entry clerks
México,Electrónicos,5223,2057.75,13,0.1414473684210526,0.3453947368421052,0.4868421052631579,Servicios y ventas,Shop sales assistants
México,Electrónicos,2421,1955.5,28,0.0876232201533406,0.46960569550931,0.5572289156626506,Profesionales e ingeniería,Management and organization analysts
México,Electrónicos,5222,1587.0,4,0.0952380952380952,0.5,0.5952380952380952,Servicios y ventas,Shop supervisors
México,Electrónicos,2144,1390.75,17,0.1351567209162146,0.4815275266224633,0.616684247538678,Profesionales e ingeniería,Mechanical engineers
México,Electrónicos,9613,1355.75,18,0.1642494019138756,0.2457012559808612,0.40995065789473684,Ocupaciones elementales,Sweepers and related labourers
México,Electrónicos,3341,1288.75,13,0.0689655172413793,0.4827586206896552,0.5517241379310345,Técnicos y profesionales asociados,Office supervisors
México,Electrónicos,2433,1241.5,10,0.1065759637188208,0.5189909297052154,0.6255668934240363,Profesionales e ingeniería,Technical and medical sales professionals (excluding ICT)
México,Electrónicos,7412,1208.25,16,0.1220976314834875,0.1976393829495566,0.3197370144330442,Oficios y artesanía,Electrical mechanics and fitters
México,Electrónicos,3116,1151.5,20,0.1326086956521739,0.3195652173913044,0.4521739130434783,Técnicos y profesionales asociados,Chemical engineering technicians
México,Electrónicos,7233,1079.75,16,0.065213644380311,0.1366683202733927,0.2018819646537037,Oficios y artesanía,Agricultural and industrial machinery mechanics and repairers
México,Electrónicos,3312,986.25,22,0.2304347826086956,0.5960144927536233,0.8264492753623189,Técnicos y profesionales asociados,Credit and loans officers
México,Electrónicos,2412,897.75,7,0.0404761904761904,0.4987179487179487,0.5391941391941392,Profesionales e ingeniería,Financial and investment advisers
México,Electrónicos,7213,895.0,5,0.0,0.0782563025210083,0.0782563025210083,Oficios y artesanía,Sheet-metal workers
México,Electrónicos,3133,885.25,7,0.0526315789473684,0.1578947368421053,0.2105263157894737,Técnicos y profesionales asociados,Chemical processing plant controllers
México,Electrónicos,1324,875.0,6,0.0166666666666666,0.4833333333333333,0.4999999999999999,Dirección y gerencia,"Supply, distribution and related managers"
México,Electrónicos,2411,866.75,16,0.1423076923076923,0.5583333333333333,0.7006410256410257,Profesionales e ingeniería,Accountants
México,Electrónicos,1213,819.25,8,0.1261224779766979,0.4600348110258596,0.5861572890025576,Dirección y gerencia,Policy and planning managers
México,Electrónicos,5413,816.75,10,0.2048494983277592,0.2663043478260869,0.4711538461538461,Servicios y ventas,Prison guards
México,Electrónicos,6113,790.5,3,0.0604395604395604,0.1382783882783883,0.1987179487179487,Agropecuario calificado,"Gardeners, horticultural and nursery growers"
México,Electrónicos,2153,696.5,7,0.3333333333333333,0.6071428571428571,0.9404761904761904,Profesionales e ingeniería,Telecommunications engineers
México,Electrónicos,2151,649.25,7,0.2272727272727273,0.5454545454545454,0.7727272727272727,Profesionales e ingeniería,Electrical engineers
México,Electrónicos,2431,608.75,8,0.44359410430839,0.7079081632653061,1.0,Profesionales e ingeniería,Advertising and marketing professionals
México,Electrónicos,3139,598.0,12,0.6875,0.78125,1.0,Técnicos y profesionales asociados,Process control technicians not elsewhere classified
México,Electrónicos,2166,554.25,3,0.0357142857142857,0.5178571428571428,0.5535714285714285,Profesionales e ingeniería,Graphic and multimedia designers
México,Electrónicos,3113,553.5,7,0.225,0.4054487179487179,0.6304487179487179,Técnicos y profesionales asociados,Electrical engineering technicians
México,Electrónicos,8122,500.5,4,0.0589580010632642,0.0732854864433811,0.1322434875066453,Operadores de planta y máquinas,"Metal finishing, plating and coating machine operators"
México,Electrónicos,2641,452.25,1,0.5351851851851852,0.7392857142857143,1.0,Profesionales e ingeniería,Authors and related writers
México,Electrónicos,8143,452.0,6,0.0294117647058823,0.0294117647058823,0.0588235294117647,Operadores de planta y máquinas,Paper products machine operators
México,Electrónicos,4415,442.5,5,0.4546783625730994,0.5760233918128655,1.0,Apoyo administrativo,Filing and copying clerks
México,Electrónicos,8332,403.75,1,0.1278939651180738,0.2842452538972063,0.4121392190152801,Operadores de planta y máquinas,Heavy truck and lorry drivers
México,Electrónicos,1330,398.0,5,0.1176470588235294,0.5294117647058824,0.6470588235294118,Dirección y gerencia,Information and communications technology service managers
México,Electrónicos,8153,390.5,5,0.0384615384615384,0.0769230769230769,0.1153846153846153,Operadores de planta y máquinas,Sewing machine operators
México,Electrónicos,1439,389.75,4,0.1261224779766979,0.4600348110258596,0.5861572890025576,Dirección y gerencia,Services managers not elsewhere classified
México,Electrónicos,2131,356.5,2,0.085758377425044,0.4490001253890143,0.5347585028140583,Profesionales e ingeniería,"Biologists, botanists, zoologists and related professionals"
México,Electrónicos,3331,344.5,4,0.2272727272727272,0.5,0.7272727272727273,Técnicos y profesionales asociados,Clearing and forwarding agents
México,Electrónicos,2521,334.5,3,0.8397932816537468,0.9198966408268734,1.0,Profesionales e ingeniería,Database designers and administrators
México,Electrónicos,3135,300.0,5,0.0666666666666666,0.1,0.1666666666666666,Técnicos y profesionales asociados,Metal production process controllers
México,Electrónicos,3521,284.5,7,0.133107553366174,0.4010160098522167,0.5341235632183907,Técnicos y profesionales asociados,Broadcasting and audio-visual technicians
México,Electrónicos,5120,283.75,5,0.0909954751131221,0.206447963800905,0.2974434389140272,Servicios y ventas,Cooks
México,Electrónicos,8189,276.0,6,0.0804000089738412,0.1016862408578992,0.1820862498317405,Operadores de planta y máquinas,Stationary plant and machine operators not elsewhere classified
México,Electrónicos,8160,252.5,2,0.0743414418398938,0.0783414418398938,0.1526828836797877,Operadores de planta y máquinas,Food and related products machine operators
México,Electrónicos,7311,251.5,2,0.1008373205741626,0.2969896331738437,0.3978269537480064,Oficios y artesanía,Precision-instrument makers and repairers
México,Electrónicos,7411,250.5,4,0.0476190476190476,0.1291208791208791,0.1767399267399267,Oficios y artesanía,Building and related electricians
México,Electrónicos,7211,235.0,2,0.0151515151515151,0.0378787878787878,0.053030303030303,Oficios y artesanía,Metal moulders and coremakers
México,Electrónicos,1120,215.75,1,0.0612244897959183,0.4801920768307323,0.5414165666266506,Dirección y gerencia,Managing directors and chief executives
México,Electrónicos,9329,210.5,4,0.160472442182001,0.1878502335763364,0.3483226757583375,Ocupaciones elementales,Manufacturing labourers not elsewhere classified
México,Electrónicos,2240,197.5,4,0.0,0.25,0.25,Profesionales e ingeniería,Paramedical practitioners
México,Electrónicos,9333,197.25,4,0.0942408189048726,0.1890989749332414,0.2833397938381141,Ocupaciones elementales,Freight handlers
México,Electrónicos,1420,194.5,3,0.0,0.4705882352941176,0.4705882352941176,Dirección y gerencia,Retail and wholesale trade managers
México,Electrónicos,3343,194.25,3,0.6461038961038961,0.8003246753246753,1.0,Técnicos y profesionales asociados,Administrative and executive secretaries
México,Electrónicos,1221,193.5,2,0.025,0.4705882352941176,0.4955882352941176,Dirección y gerencia,Sales and marketing managers
México,Electrónicos,2142,191.0,1,0.056338028169014,0.4859154929577465,0.5422535211267606,Profesionales e ingeniería,Civil engineers
México,Electrónicos,7126,181.75,4,0.0098039215686274,0.0570728291316526,0.0668767507002801,Oficios y artesanía,Plumbers and pipe fitters
México,Electrónicos,9412,164.25,1,0.010752688172043,0.0161290322580645,0.0268817204301075,Ocupaciones elementales,Kitchen helpers
México,Electrónicos,4224,158.25,3,0.1625,0.46875,0.63125,Apoyo administrativo,Hotel receptionists
México,Electrónicos,8181,153.0,1,0.0729931476565503,0.0807450856410464,0.1537382332975967,Operadores de planta y máquinas,Glass and ceramics plant operators
México,Electrónicos,7212,152.0,2,0.067816091954023,0.0847701149425287,0.1525862068965517,Oficios y artesanía,Welders and flamecutters
México,Electrónicos,2112,148.5,5,0.1481481481481481,0.5370370370370371,0.6851851851851852,Profesionales e ingeniería,Meteorologists
México,Electrónicos,4323,146.25,1,0.3076923076923077,0.6538461538461539,0.9615384615384616,Apoyo administrativo,Transport clerks
México,Electrónicos,1323,137.75,2,0.04,0.44,0.48,Dirección y gerencia,Construction managers
México,Electrónicos,3257,135.25,2,0.1278294074346706,0.3639200711569132,0.4917494785915839,Técnicos y profesionales asociados,Environmental and occupational health inspectors and associates
México,Electrónicos,8171,133.75,1,0.0454545454545454,0.0454545454545454,0.0909090909090909,Operadores de planta y máquinas,Pulp and papermaking plant operators
México,Electrónicos,8342,106.0,1,0.0071428571428571,0.0107142857142857,0.0178571428571428,Operadores de planta y máquinas,Earthmoving and related plant operators
México,Electrónicos,8152,91.25,1,0.15,0.175,0.3249999999999999,Operadores de planta y máquinas,Weaving and knitting machine operators
México,Electrónicos,7232,89.0,1,0.062200956937799,0.2816985645933014,0.3438995215311004,Oficios y artesanía,Aircraft engine mechanics and repairers
México,Electrónicos,3112,88.25,2,0.1199999999999999,0.4266666666666666,0.5466666666666666,Técnicos y profesionales asociados,Civil engineering technicians
México,Electrónicos,3351,87.75,1,0.1450948509485094,0.3821815718157181,0.5272764227642276,Técnicos y profesionales asociados,Customs and border inspectors
México,Electrónicos,7321,80.0,2,0.1866666666666666,0.5394444444444444,0.726111111111111,Oficios y artesanía,Pre-press technicians
México,Electrónicos,5246,73.0,1,0.0425531914893617,0.0709219858156028,0.1134751773049645,Servicios y ventas,Food service counter attendants
México,Electrónicos,7231,62.25,1,0.0357391627979863,0.0869469550057785,0.1226861178037648,Oficios y artesanía,Motor vehicle mechanics and repairers
México,Electrónicos,9612,59.0,2,0.1875,0.21875,0.40625,Ocupaciones elementales,Refuse sorters
México,Electrónicos,3221,58.75,1,0.0869565217391304,0.2391304347826087,0.3260869565217391,Técnicos y profesionales asociados,Nursing associate professionals
México,Electrónicos,1211,57.5,1,0.0,0.4841269841269841,0.4841269841269841,Dirección y gerencia,Finance managers
México,Electrónicos,5151,53.5,1,0.1538461538461539,0.2692307692307692,0.4230769230769231,Servicios y ventas,"Cleaning and housekeeping supervisors in offices, hotels and other establishments"
México,Electrónicos,3251,47.0,2,0.0902777777777777,0.2083333333333333,0.2986111111111111,Técnicos y profesionales asociados,Dental assistants and therapists
México,Electrónicos,4214,43.0,2,0.2714285714285714,0.6,0.8714285714285714,Apoyo administrativo,Debt-collectors and related workers
México,Electrónicos,2113,41.75,1,0.1009615384615384,0.4266826923076923,0.5276442307692307,Profesionales e ingeniería,Chemists
México,Electrónicos,3119,40.25,1,0.1349953850497328,0.369607100327209,0.504602485376942,Técnicos y profesionales asociados,Physical and engineering science technicians not elsewhere classified
México,Electrónicos,2267,39.25,1,0.0,0.3,0.3,Profesionales e ingeniería,Optometrists and ophthalmic opticians
México,Electrónicos,8331,34.25,2,0.2385942360013567,0.3158299324514494,0.5544241684528062,Operadores de planta y máquinas,Bus and tram drivers
México,Electrónicos,5211,33.0,1,0.1666666666666667,0.25,0.4166666666666667,Servicios y ventas,Stall and market salespersons
México,Electrónicos,8341,32.5,1,0.1111111111111111,0.1111111111111111,0.2222222222222222,Operadores de planta y máquinas,Mobile farm and forestry plant operators
México,Electrónicos,2212,28.75,1,0.0421366252337308,0.3755343413821616,0.4176709666158923,Profesionales e ingeniería,Specialist medical practitioners
México,Electrónicos,2656,28.25,1,0.3583333333333333,0.6583333333333333,1.0,Profesionales e ingeniería,"Announcers on radio, television and other media"
México,Electrónicos,5244,15.75,1,0.5833333333333334,0.7916666666666666,1.0,Servicios y ventas,Contact centre salespersons
México,Electrónicos,5411,15.0,1,0.1666666666666666,0.2833333333333333,0.4499999999999999,Servicios y ventas,Fire-fighters
México,Ocupaciones de salud (México),3221,110560.0,1320,0.0869565217391304,0.2391304347826087,0.3260869565217391,Técnicos y profesionales asociados,Nursing associate professionals
México,Ocupaciones de salud (México),3211,49235.25,640,0.049551267147175,0.3152530419282337,0.3648043090754088,Técnicos y profesionales asociados,Medical imaging and therapeutic equipment technicians
México,Ocupaciones de salud (México),3212,32398.75,338,0.0733333333333333,0.271159420289855,0.3444927536231884,Técnicos y profesionales asociados,Medical and pathology laboratory technicians
México,Ocupaciones de salud (México),3214,22587.0,253,0.0666666666666666,0.1725044563279857,0.2391711229946523,Técnicos y profesionales asociados,Medical and dental prosthetic technicians
México,Resto,5223,3898054.25,49478,0.1414473684210526,0.3453947368421052,0.4868421052631579,Servicios y ventas,Shop sales assistants
México,Resto,5221,3047011.5,34727,0.0,0.4705882352941176,0.4705882352941176,Servicios y ventas,Shopkeepers
México,Resto,9211,2151124.25,19721,0.0666666666666666,0.15,0.2166666666666666,Ocupaciones elementales,Crop farm labourers
México,Resto,9111,1854007.25,24096,0.0,0.0,0.0,Ocupaciones elementales,Domestic cleaners and helpers
México,Resto,6111,1776366.25,15855,0.0666666666666666,0.1416666666666666,0.2083333333333333,Agropecuario calificado,Field crop and vegetable growers
México,Resto,7111,1736549.25,22165,0.04,0.44,0.48,Oficios y artesanía,House builders
México,Resto,9321,1591899.75,20673,0.0833333333333333,0.0833333333333333,0.1666666666666666,Ocupaciones elementales,Hand packers
México,Resto,9313,1524674.0,18551,0.0059523809523809,0.0104166666666666,0.0163690476190476,Ocupaciones elementales,Building construction labourers
México,Resto,8331,1380409.0,17286,0.2385942360013567,0.3158299324514494,0.5544241684528062,Operadores de planta y máquinas,Bus and tram drivers
México,Resto,8332,1329752.75,16771,0.1278939651180738,0.2842452538972063,0.4121392190152801,Operadores de planta y máquinas,Heavy truck and lorry drivers
México,Resto,4110,1130960.0,15751,0.3220551378446115,0.5883458646616542,0.9104010025062657,Apoyo administrativo,General office clerks
México,Resto,7512,1089706.75,14011,0.1666666666666667,0.2777777777777778,0.4444444444444445,Oficios y artesanía,"Bakers, pastry-cooks and confectionery makers"
México,Resto,9613,1066946.5,15257,0.1642494019138756,0.2457012559808612,0.40995065789473684,Ocupaciones elementales,Sweepers and related labourers
México,Resto,5246,1050339.5,13956,0.0425531914893617,0.0709219858156028,0.1134751773049645,Servicios y ventas,Food service counter attendants
México,Resto,5413,840978.25,11861,0.2048494983277592,0.2663043478260869,0.4711538461538461,Servicios y ventas,Prison guards
México,Resto,5212,817701.75,10207,0.119047619047619,0.1964285714285714,0.3154761904761904,Servicios y ventas,Street food salespersons
México,Resto,6114,813338.75,8280,0.0666666666666666,0.1416666666666666,0.2083333333333333,Agropecuario calificado,Mixed crop growers
México,Resto,4211,701958.5,10512,0.2610837438423645,0.4597701149425287,0.7208538587848932,Apoyo administrativo,Bank tellers and related clerks
México,Resto,2341,696259.25,9323,0.069172932330827,0.3298872180451128,0.3990601503759398,Profesionales e ingeniería,Primary school teachers
México,Resto,5243,685506.75,8164,0.1666666666666667,0.25,0.4166666666666667,Servicios y ventas,Door to door salespersons
México,Resto,5131,650892.25,9028,0.0757142857142857,0.1614285714285714,0.2371428571428571,Servicios y ventas,Waiters
México,Resto,7232,623789.25,8525,0.062200956937799,0.2816985645933014,0.3438995215311004,Oficios y artesanía,Aircraft engine mechanics and repairers
México,Resto,9412,614603.75,8558,0.010752688172043,0.0161290322580645,0.0268817204301075,Ocupaciones elementales,Kitchen helpers
México,Resto,4321,599995.0,7476,0.1999999999999999,0.3414141414141414,0.5414141414141413,Apoyo administrativo,Stock clerks
México,Resto,3323,509915.5,7440,0.0619883040935672,0.4967836257309941,0.5587719298245614,Técnicos y profesionales asociados,Buyers
México,Resto,2411,453688.75,6296,0.1423076923076923,0.5583333333333333,0.7006410256410257,Profesionales e ingeniería,Accountants
México,Resto,3343,448693.75,6312,0.6461038961038961,0.8003246753246753,1.0,Técnicos y profesionales asociados,Administrative and executive secretaries
México,Resto,5141,448193.5,6122,0.0842897952468554,0.2021914868159315,0.286481282062787,Servicios y ventas,Hairdressers
México,Resto,2611,443695.75,5573,0.0,0.4318181818181818,0.4318181818181818,Profesionales e ingeniería,Lawyers
México,Resto,3122,441693.5,5959,0.15,0.4,0.55,Técnicos y profesionales asociados,Manufacturing supervisors
México,Resto,3312,406619.75,5380,0.2304347826086956,0.5960144927536233,0.8264492753623189,Técnicos y profesionales asociados,Credit and loans officers
México,Resto,8321,398393.75,5467,0.1648958626512806,0.3103363354911342,0.4752321981424148,Operadores de planta y máquinas,Motorcycle drivers
México,Resto,1212,389706.0,4754,0.0822649572649572,0.4935897435897436,0.5758547008547009,Dirección y gerencia,Human resource managers
México,Resto,8141,388627.0,5078,0.0570153360851035,0.0706654877534554,0.1276808238385589,Operadores de planta y máquinas,Rubber products machine operators
México,Resto,6121,383350.75,4437,0.1083333333333333,0.2145833333333333,0.3229166666666666,Agropecuario calificado,Livestock and dairy producers
México,Resto,7531,375886.5,4583,0.0454545454545454,0.0909090909090909,0.1363636363636363,Oficios y artesanía,"Tailors, dressmakers, furriers and hatters"
México,Resto,8211,372738.75,5826,0.0,0.05,0.05,Operadores de planta y máquinas,Mechanical machinery assemblers
México,Resto,2511,360110.5,4168,0.3333333333333333,0.6141025641025641,0.9474358974358974,Profesionales e ingeniería,Systems analysts
México,Resto,3322,352843.0,4574,0.1892528941401121,0.5691445876596253,0.7583974817997374,Técnicos y profesionales asociados,Commercial sales representatives
México,Resto,5311,345229.25,5024,0.1115137442536823,0.2570421709353597,0.368555915189042,Servicios y ventas,Child care workers
México,Resto,5120,336442.75,4935,0.0909954751131221,0.206447963800905,0.2974434389140272,Servicios y ventas,Cooks
México,Resto,7521,328059.0,4058,0.0849673202614379,0.0849673202614379,0.1699346405228758,Oficios y artesanía,Wood treaters
México,Resto,9333,323912.75,3922,0.0942408189048726,0.1890989749332414,0.2833397938381141,Ocupaciones elementales,Freight handlers
México,Resto,2433,322066.0,4706,0.1065759637188208,0.5189909297052154,0.6255668934240363,Profesionales e ingeniería,Technical and medical sales professionals (excluding ICT)
México,Resto,2330,315656.5,4740,0.03125,0.328125,0.359375,Profesionales e ingeniería,Secondary education teachers
México,Resto,4224,314412.5,4608,0.1625,0.46875,0.63125,Apoyo administrativo,Hotel receptionists
México,Resto,8153,313336.25,3695,0.0384615384615384,0.0769230769230769,0.1153846153846153,Operadores de planta y máquinas,Sewing machine operators
México,Resto,7511,310634.75,3502,0.0333333333333333,0.0541666666666666,0.0875,Oficios y artesanía,"Butchers, fishmongers and related food preparers"
México,Resto,7221,310005.5,4278,0.0,0.0384615384615384,0.0384615384615384,Oficios y artesanía,"Blacksmiths, hammersmiths and forging press workers"
México,Resto,5222,297453.25,4232,0.0952380952380952,0.5,0.5952380952380952,Servicios y ventas,Shop supervisors
México,Resto,1420,280457.25,3684,0.0,0.4705882352941176,0.4705882352941176,Dirección y gerencia,Retail and wholesale trade managers
México,Resto,8121,276268.25,3552,0.0651551956815114,0.0885981781376518,0.1537533738191633,Operadores de planta y máquinas,Metal processing plant operators
México,Resto,6113,273661.5,3005,0.0604395604395604,0.1382783882783883,0.1987179487179487,Agropecuario calificado,"Gardeners, horticultural and nursery growers"
México,Resto,5412,272056.25,3476,0.0977932636469221,0.2932926829268292,0.3910859465737514,Servicios y ventas,Police officers
México,Resto,8343,266968.0,3446,0.1131047315257841,0.1829611908559276,0.2960659223817118,Operadores de planta y máquinas,"Crane, hoist and related plant operators"
México,Resto,7411,262638.0,3940,0.0476190476190476,0.1291208791208791,0.1767399267399267,Oficios y artesanía,Building and related electricians
México,Resto,2342,259163.0,3792,0.0564387917329093,0.2251589825119236,0.281597774244833,Profesionales e ingeniería,Early childhood educators
México,Resto,2310,246508.5,3534,0.1941691997427701,0.4817105886228824,0.6758797883656525,Profesionales e ingeniería,University and higher education teachers
México,Resto,2320,246371.25,2978,0.1650211795373085,0.3853046594982078,0.5503258390355164,Profesionales e ingeniería,Vocational education teachers
México,Resto,5142,241651.75,3356,0.0935999240784541,0.2154475952598176,0.3090475193382718,Servicios y ventas,Beauticians and related workers
México,Resto,8212,234966.5,4450,0.0481283422459893,0.1080162974280621,0.1561446396740514,Operadores de planta y máquinas,Electrical and electronic equipment assemblers
México,Resto,2211,229569.75,3109,0.0096152259866079,0.4407874326947311,0.450402658681339,Profesionales e ingeniería,Generalist medical practitioners
México,Resto,7126,218358.5,3087,0.0098039215686274,0.0570728291316526,0.0668767507002801,Oficios y artesanía,Plumbers and pipe fitters
México,Resto,3321,209081.5,2691,0.137287663603453,0.5593845725424673,0.6966722361459203,Técnicos y profesionales asociados,Insurance representatives
México,Resto,9212,206109.5,2433,0.0,0.0681818181818181,0.0681818181818181,Ocupaciones elementales,Livestock farm labourers
México,Resto,8160,199926.0,2201,0.0743414418398938,0.0783414418398938,0.1526828836797877,Operadores de planta y máquinas,Food and related products machine operators
México,Resto,4132,191600.75,2597,0.7777777777777778,0.8333333333333334,1.0,Apoyo administrativo,Data entry clerks
México,Resto,7131,183496.25,2482,0.0263157894736842,0.0388157894736842,0.0651315789473684,Oficios y artesanía,Painters and related workers
México,Resto,3115,174431.5,2637,0.1477355072463768,0.3503239966555184,0.4980595039018952,Técnicos y profesionales asociados,Mechanical engineering technicians
México,Resto,2240,170529.75,2256,0.0,0.25,0.25,Profesionales e ingeniería,Paramedical practitioners
México,Resto,1321,168301.25,2188,0.0683760683760683,0.4102564102564102,0.4786324786324786,Dirección y gerencia,Manufacturing managers
México,Resto,2421,167335.25,1830,0.0876232201533406,0.46960569550931,0.5572289156626506,Profesionales e ingeniería,Management and organization analysts
México,Resto,7233,166709.0,2237,0.065213644380311,0.1366683202733927,0.2018819646537037,Oficios y artesanía,Agricultural and industrial machinery mechanics and repairers
México,Resto,7213,165699.5,2197,0.0,0.0782563025210083,0.0782563025210083,Oficios y artesanía,Sheet-metal workers
México,Resto,3341,165260.25,2235,0.0689655172413793,0.4827586206896552,0.5517241379310345,Técnicos y profesionales asociados,Office supervisors
México,Resto,3511,159167.5,1732,0.4790697674418605,0.7372093023255814,1.0,Técnicos y profesionales asociados,Information and communications technology operations technicians
México,Resto,3121,157979.0,2453,0.0333333333333333,0.4166666666666667,0.45,Técnicos y profesionales asociados,Mining supervisors
México,Resto,9122,151214.5,2066,0.0476190476190476,0.0714285714285714,0.119047619047619,Ocupaciones elementales,Vehicle cleaners
México,Resto,2161,150352.5,2028,0.0833333333333333,0.5,0.5833333333333334,Profesionales e ingeniería,Building architects
México,Resto,2634,148954.25,1876,0.0641666666666666,0.4407200292397661,0.5048866959064328,Profesionales e ingeniería,Psychologists
México,Resto,9611,148740.5,2021,0.1409988038277512,0.2726525119617224,0.4136513157894737,Ocupaciones elementales,Garbage and recycling collectors
México,Resto,3434,146712.75,1992,0.1437728937728937,0.3809523809523809,0.5247252747252746,Técnicos y profesionales asociados,Chefs
México,Resto,7212,143551.25,1959,0.067816091954023,0.0847701149425287,0.1525862068965517,Oficios y artesanía,Welders and flamecutters
México,Resto,5211,138800.5,2027,0.1666666666666667,0.25,0.4166666666666667,Servicios y ventas,Stall and market salespersons
México,Resto,4415,138258.0,1912,0.4546783625730994,0.5760233918128655,1.0,Apoyo administrativo,Filing and copying clerks
México,Resto,1345,136838.25,2087,0.0328663793103448,0.4436961206896551,0.4765624999999999,Dirección y gerencia,Education managers
México,Resto,1411,131484.0,1969,0.0416666666666666,0.4583333333333333,0.5,Dirección y gerencia,Hotel managers
México,Resto,6130,126323.25,1651,0.0722222222222222,0.1430555555555555,0.2152777777777777,Agropecuario calificado,Mixed crop and animal producers
México,Resto,4214,122830.25,1657,0.2714285714285714,0.6,0.8714285714285714,Apoyo administrativo,Debt-collectors and related workers
México,Resto,1323,122047.0,1688,0.04,0.44,0.48,Dirección y gerencia,Construction managers
México,Resto,7533,120668.25,1333,0.0138888888888888,0.0930674264007597,0.1069563152896486,Oficios y artesanía,"Sewing, embroidery and related workers"
México,Resto,7127,119252.0,2078,0.056060606060606,0.2659090909090909,0.321969696969697,Oficios y artesanía,Air conditioning and refrigeration mechanics
México,Resto,7421,118613.5,1763,0.1762096237096237,0.3000903263403263,0.47629995004995,Oficios y artesanía,Electronics mechanics and servicers
México,Resto,5242,117723.5,1476,0.0833333333333333,0.1666666666666667,0.25,Servicios y ventas,Sales demonstrators
México,Resto,2261,114822.0,1679,0.0125,0.1577922077922078,0.1702922077922078,Profesionales e ingeniería,Dentists
México,Resto,3334,113491.5,1656,0.0277777777777777,0.4732744107744107,0.5010521885521885,Técnicos y profesionales asociados,Real estate agents and property managers
México,Resto,2431,110705.5,1184,0.44359410430839,0.7079081632653061,1.0,Profesionales e ingeniería,Advertising and marketing professionals
México,Resto,3221,110560.0,1320,0.0869565217391304,0.2391304347826087,0.3260869565217391,Técnicos y profesionales asociados,Nursing associate professionals
México,Resto,1213,106120.75,898,0.1261224779766979,0.4600348110258596,0.5861572890025576,Dirección y gerencia,Policy and planning managers
México,Resto,2359,103203.25,1570,0.1383298933608531,0.3762684898520811,0.5145983832129343,Profesionales e ingeniería,Teaching professionals not elsewhere classified
México,Resto,7124,101654.5,1310,0.0,0.0442307692307692,0.0442307692307692,Oficios y artesanía,Insulation workers
México,Resto,6222,100929.0,1480,0.0666666666666666,0.1666666666666666,0.2333333333333333,Agropecuario calificado,Inland and coastal waters fishery workers
México,Resto,1324,99079.5,1248,0.0166666666666666,0.4833333333333333,0.4999999999999999,Dirección y gerencia,"Supply, distribution and related managers"
México,Resto,4222,93439.75,864,0.1719298245614035,0.5464912280701755,0.718421052631579,Apoyo administrativo,Contact centre information clerks
México,Resto,2142,92635.5,1343,0.056338028169014,0.4859154929577465,0.5422535211267606,Profesionales e ingeniería,Civil engineers
México,Resto,2141,91679.5,1238,0.1847826086956522,0.5543478260869565,0.7391304347826088,Profesionales e ingeniería,Industrial and production engineers
México,Resto,8342,91324.0,1435,0.0071428571428571,0.0107142857142857,0.0178571428571428,Operadores de planta y máquinas,Earthmoving and related plant operators
México,Resto,3412,88110.0,1228,0.2,0.35,0.55,Técnicos y profesionales asociados,Social work associate professionals
México,Resto,9621,87715.0,1190,0.1764705882352941,0.25,0.4264705882352941,Ocupaciones elementales,"Messengers, package deliverers and luggage porters"
México,Resto,7412,87709.25,1077,0.1220976314834875,0.1976393829495566,0.3197370144330442,Oficios y artesanía,Electrical mechanics and fitters
México,Resto,3423,87373.0,1167,0.1016231435365908,0.2650247086560857,0.3666478521926765,Técnicos y profesionales asociados,Fitness and recreation instructors and program leaders
México,Resto,8155,77254.0,1592,0.08011274179037335,0.09937022042285198,0.17948296221322532,Operadores de planta y máquinas,Fur and leather preparing machine operators
México,Resto,9112,76782.75,1270,0.0158730158730158,0.0238095238095238,0.0396825396825396,Ocupaciones elementales,"Cleaners and helpers in offices, hotels and other establishments"
México,Resto,7321,75100.75,848,0.1866666666666666,0.5394444444444444,0.726111111111111,Oficios y artesanía,Pre-press technicians
México,Resto,4223,70331.25,848,0.700657894736842,0.7689144736842105,1.0,Apoyo administrativo,Telephone switchboard operators
México,Resto,2212,70165.25,795,0.0421366252337308,0.3755343413821616,0.4176709666158923,Profesionales e ingeniería,Specialist medical practitioners
México,Resto,2113,68439.5,948,0.1009615384615384,0.4266826923076923,0.5276442307692307,Profesionales e ingeniería,Chemists
México,Resto,2264,66805.5,875,0.0616666666666666,0.22375,0.2854166666666666,Profesionales e ingeniería,Physiotherapists
México,Resto,8157,66577.5,1069,0.03125,0.0625,0.09375,Operadores de planta y máquinas,Laundry machine operators
México,Resto,2166,64948.5,774,0.0357142857142857,0.5178571428571428,0.5535714285714285,Profesionales e ingeniería,Graphic and multimedia designers
México,Resto,2412,62522.25,578,0.0404761904761904,0.4987179487179487,0.5391941391941392,Profesionales e ingeniería,Financial and investment advisers
México,Resto,1342,61872.5,808,0.0,0.4166666666666667,0.4166666666666667,Dirección y gerencia,Health services managers
México,Resto,1120,60446.0,635,0.0612244897959183,0.4801920768307323,0.5414165666266506,Dirección y gerencia,Managing directors and chief executives
México,Resto,2152,59336.75,770,0.4166666666666666,0.6507936507936507,1.0,Profesionales e ingeniería,Electronics engineers
México,Resto,3431,59109.75,815,0.0344827586206896,0.396551724137931,0.4310344827586206,Técnicos y profesionales asociados,Photographers
México,Resto,3432,58865.25,700,0.0,0.3834567901234567,0.3834567901234567,Técnicos y profesionales asociados,Interior designers and decorators
México,Resto,6122,58724.25,730,0.1083333333333333,0.2145833333333333,0.3229166666666666,Agropecuario calificado,Poultry producers
México,Resto,3113,57589.75,798,0.225,0.4054487179487179,0.6304487179487179,Técnicos y profesionales asociados,Electrical engineering technicians
México,Resto,5132,57393.5,927,0.1,0.2,0.3,Servicios y ventas,Bartenders
México,Resto,7536,56884.5,954,0.0,0.074074074074074,0.074074074074074,Oficios y artesanía,Shoemakers and related workers
México,Resto,5414,56012.75,688,0.1577380952380952,0.3135874542124542,0.4713255494505494,Servicios y ventas,Security guards
México,Resto,5151,54901.5,763,0.1538461538461539,0.2692307692307692,0.4230769230769231,Servicios y ventas,"Cleaning and housekeeping supervisors in offices, hotels and other establishments"
México,Resto,8322,54816.0,597,0.1575025851341641,0.2663797277284119,0.423882312862576,Operadores de planta y máquinas,"Car, taxi and van drivers"
México,Resto,3411,52557.5,719,0.1460870313037496,0.4026552287581699,0.5487422600619195,Técnicos y profesionales asociados,Legal and related associate professionals
México,Resto,3133,52505.25,641,0.0526315789473684,0.1578947368421053,0.2105263157894737,Técnicos y profesionales asociados,Chemical processing plant controllers
México,Resto,7318,51752.5,613,0.0,0.074074074074074,0.074074074074074,Oficios y artesanía,"Handicraft workers in textile, leather and related materials"
México,Resto,7544,51298.75,629,0.092063492063492,0.2023809523809524,0.2944444444444444,Oficios y artesanía,Fumigators and other pest and weed controllers
México,Resto,7211,50897.25,582,0.0151515151515151,0.0378787878787878,0.053030303030303,Oficios y artesanía,Metal moulders and coremakers
México,Resto,3211,49235.25,640,0.049551267147175,0.3152530419282337,0.3648043090754088,Técnicos y profesionales asociados,Medical imaging and therapeutic equipment technicians
México,Resto,2265,48708.75,748,0.1071428571428571,0.5178571428571429,0.625,Profesionales e ingeniería,Dieticians and nutritionists
México,Resto,2250,48120.0,700,0.0869565217391304,0.2826086956521739,0.3695652173913043,Profesionales e ingeniería,Veterinarians
México,Resto,2354,47937.75,589,0.1666666666666667,0.3666666666666666,0.5333333333333333,Profesionales e ingeniería,Other music teachers
México,Resto,8143,47143.75,577,0.0294117647058823,0.0294117647058823,0.0588235294117647,Operadores de planta y máquinas,Paper products machine operators
México,Resto,3258,46952.25,697,0.1217948717948718,0.1810897435897436,0.3028846153846154,Técnicos y profesionales asociados,Ambulance workers
México,Resto,7314,46718.0,484,0.005813953488372,0.1624031007751938,0.1682170542635659,Oficios y artesanía,Potters and related workers
México,Resto,5244,46584.75,473,0.5833333333333334,0.7916666666666666,1.0,Servicios y ventas,Contact centre salespersons
México,Resto,1221,46522.0,581,0.025,0.4705882352941176,0.4955882352941176,Dirección y gerencia,Sales and marketing managers
México,Resto,7514,45247.5,462,0.1176470588235294,0.1176470588235294,0.2352941176470588,Oficios y artesanía,"Fruit, vegetable and related preservers"
México,Resto,8181,44411.5,560,0.0729931476565503,0.0807450856410464,0.1537382332975967,Operadores de planta y máquinas,Glass and ceramics plant operators
México,Resto,1211,43858.5,519,0.0,0.4841269841269841,0.4841269841269841,Dirección y gerencia,Finance managers
México,Resto,1439,43323.5,580,0.1261224779766979,0.4600348110258596,0.5861572890025576,Dirección y gerencia,Services managers not elsewhere classified
México,Resto,3422,42580.75,552,0.1626984126984127,0.3439484126984127,0.5066468253968254,Técnicos y profesionales asociados,"Sports coaches, instructors and officials"
México,Resto,7319,42527.0,599,0.0,0.2666666666666667,0.2666666666666667,Oficios y artesanía,Handicraft workers not elsewhere classified
México,Resto,1330,42074.0,456,0.1176470588235294,0.5294117647058824,0.6470588235294118,Dirección y gerencia,Information and communications technology service managers
México,Resto,9215,41700.0,425,0.0476190476190476,0.0476190476190476,0.0952380952380952,Ocupaciones elementales,Forestry labourers
México,Resto,3251,41418.75,614,0.0902777777777777,0.2083333333333333,0.2986111111111111,Técnicos y profesionales asociados,Dental assistants and therapists
México,Resto,8122,41411.5,505,0.0589580010632642,0.0732854864433811,0.1322434875066453,Operadores de planta y máquinas,"Metal finishing, plating and coating machine operators"
México,Resto,7513,40416.5,493,0.0876190476190476,0.1095238095238095,0.1971428571428571,Oficios y artesanía,Dairy-products makers
México,Resto,2656,40252.0,523,0.3583333333333333,0.6583333333333333,1.0,Profesionales e ingeniería,"Announcers on radio, television and other media"
México,Resto,7122,39302.0,521,0.01,0.0584821428571428,0.0684821428571428,Oficios y artesanía,Floor layers and tile setters
México,Resto,1431,38533.75,561,0.2209559758304542,0.5063331949866141,0.7272891708170683,Dirección y gerencia,"Sports, recreation and cultural centre managers"
México,Resto,4227,38498.75,459,0.4705882352941176,0.6470588235294118,1.0,Apoyo administrativo,Survey and market research interviewers
México,Resto,8341,38160.75,462,0.1111111111111111,0.1111111111111111,0.2222222222222222,Operadores de planta y máquinas,Mobile farm and forestry plant operators
México,Resto,8152,37776.75,431,0.15,0.175,0.3249999999999999,Operadores de planta y máquinas,Weaving and knitting machine operators
México,Resto,5164,36900.25,457,0.1013822993312157,0.2217157197807352,0.323098019111951,Servicios y ventas,Pet groomers and animal care workers
México,Resto,9612,36358.75,469,0.1875,0.21875,0.40625,Ocupaciones elementales,Refuse sorters
México,Resto,2612,36022.0,591,0.0714285714285714,0.4523809523809524,0.5238095238095238,Profesionales e ingeniería,Judges
México,Resto,2635,35957.5,634,0.0659391322954302,0.2748646118610952,0.3408037441565255,Profesionales e ingeniería,Social work and counselling professionals
México,Resto,9213,35806.0,506,0.0333333333333333,0.109090909090909,0.1424242424242424,Ocupaciones elementales,Mixed crop and livestock farm labourers
México,Resto,2144,35474.25,476,0.1351567209162146,0.4815275266224633,0.616684247538678,Profesionales e ingeniería,Mechanical engineers
México,Resto,3111,34911.0,481,0.1409722222222222,0.4475694444444444,0.5885416666666667,Técnicos y profesionales asociados,Chemical and physical science technicians
México,Resto,5112,33999.25,399,0.1186773752563226,0.2704203691045796,0.3890977443609022,Servicios y ventas,Transport conductors
México,Resto,3153,33086.0,370,0.0956017666543982,0.3011593669488406,0.3967611336032388,Técnicos y profesionales asociados,Aircraft pilots and related associate professionals
México,Resto,2636,32758.75,423,0.1741854636591479,0.3771929824561403,0.5513784461152882,Profesionales e ingeniería,Religious professionals
México,Resto,3257,32607.25,468,0.1278294074346706,0.3639200711569132,0.4917494785915839,Técnicos y profesionales asociados,Environmental and occupational health inspectors and associates
México,Resto,3212,32398.75,338,0.0733333333333333,0.271159420289855,0.3444927536231884,Técnicos y profesionales asociados,Medical and pathology laboratory technicians
México,Resto,6210,31899.25,317,0.0806349206349206,0.1466673092988882,0.2273022299338088,Agropecuario calificado,Forestry and related workers
México,Resto,3135,30561.25,358,0.0666666666666666,0.1,0.1666666666666666,Técnicos y profesionales asociados,Metal production process controllers
México,Resto,3355,30405.5,465,0.0961538461538461,0.3548076923076922,0.4509615384615384,Técnicos y profesionales asociados,Police inspectors and detectives
México,Resto,8113,29579.75,448,0.0330143540669856,0.03995879851143,0.0729731525784157,Operadores de planta y máquinas,Well drillers and borers and related workers
México,Resto,9510,29524.0,315,0.0,0.0416666666666666,0.0416666666666666,Ocupaciones elementales,Street and related service workers
México,Resto,2262,29445.0,464,0.1428571428571428,0.4285714285714285,0.5714285714285713,Profesionales e ingeniería,Pharmacists
México,Resto,2353,29278.75,359,0.1879967011545959,0.4068788424051581,0.594875543559754,Profesionales e ingeniería,Other language teachers
México,Resto,4221,29214.75,473,0.1104497354497354,0.5142195767195767,0.6246693121693122,Apoyo administrativo,Travel consultants and clerks
México,Resto,7315,29149.5,373,0.0205426356589147,0.0360465116279069,0.0565891472868217,Oficios y artesanía,"Glass makers, cutters, grinders and finishers"
México,Resto,2351,29053.0,404,0.2,0.5333333333333333,0.7333333333333334,Profesionales e ingeniería,Education methods specialists
México,Resto,6340,28961.5,333,0.0,0.05,0.05,Agropecuario calificado,"Subsistence fishers, hunters, trappers and gatherers"
México,Resto,2642,28924.75,392,0.3166666666666666,0.6464285714285715,0.963095238095238,Profesionales e ingeniería,Journalists
México,Resto,7534,28324.75,392,0.1363636363636364,0.2272727272727273,0.3636363636363637,Oficios y artesanía,Upholsterers and related workers
México,Resto,9312,27694.5,415,0.0,0.0131578947368421,0.0131578947368421,Ocupaciones elementales,Civil engineering labourers
México,Resto,8131,27582.0,365,0.0646075079846566,0.1097870223249394,0.174394530309596,Operadores de planta y máquinas,Chemical products plant and machine operators
México,Resto,3315,26696.5,274,0.063847837985769,0.5233990147783251,0.587246852764094,Técnicos y profesionales asociados,Valuers and loss assessors
México,Resto,2654,25831.0,226,0.0899794831499912,0.4899598393574297,0.579939322507421,Profesionales e ingeniería,"Film, stage and related directors and producers"
México,Resto,7123,25728.75,428,0.0222222222222222,0.035042735042735,0.0572649572649572,Oficios y artesanía,Plasterers
México,Resto,3331,25526.75,349,0.2272727272727272,0.5,0.7272727272727273,Técnicos y profesionales asociados,Clearing and forwarding agents
México,Resto,1344,24435.0,405,0.0625,0.40625,0.46875,Dirección y gerencia,Social welfare managers
México,Resto,7222,24223.75,335,0.1891514939309057,0.2596113445378151,0.4487628384687208,Oficios y artesanía,Toolmakers and related workers
México,Resto,3240,24088.25,301,0.0858294930875575,0.1877880184331797,0.2736175115207373,Técnicos y profesionales asociados,Veterinary technicians and assistants
México,Resto,8171,23485.5,187,0.0454545454545454,0.0454545454545454,0.0909090909090909,Operadores de planta y máquinas,Pulp and papermaking plant operators
México,Resto,3521,23483.0,389,0.133107553366174,0.4010160098522167,0.5341235632183907,Técnicos y profesionales asociados,Broadcasting and audio-visual technicians
México,Resto,3214,22587.0,253,0.0666666666666666,0.1725044563279857,0.2391711229946523,Técnicos y profesionales asociados,Medical and dental prosthetic technicians
México,Resto,5113,22380.5,304,0.1479188166494668,0.3187134502923976,0.4666322669418645,Servicios y ventas,Travel guides
México,Resto,2145,22330.75,222,0.0769230769230769,0.4615384615384616,0.5384615384615385,Profesionales e ingeniería,Chemical engineers
México,Resto,3119,22274.5,342,0.1349953850497328,0.369607100327209,0.504602485376942,Técnicos y profesionales asociados,Physical and engineering science technicians not elsewhere classified
México,Resto,2132,22230.5,336,0.0222222222222222,0.4093827160493826,0.4316049382716048,Profesionales e ingeniería,"Farming, forestry and fisheries advisers"
México,Resto,2267,22153.75,273,0.0,0.3,0.3,Profesionales e ingeniería,Optometrists and ophthalmic opticians
México,Resto,3116,21526.75,304,0.1326086956521739,0.3195652173913044,0.4521739130434783,Técnicos y profesionales asociados,Chemical engineering technicians
México,Resto,1343,21436.5,268,0.0,0.4436274509803921,0.4436274509803921,Dirección y gerencia,Aged care services managers
México,Resto,7523,21241.75,234,0.0384615384615384,0.0769230769230769,0.1153846153846153,Oficios y artesanía,Woodworking-machine tool setters and operators
México,Resto,3112,20943.0,330,0.1199999999999999,0.4266666666666666,0.5466666666666666,Técnicos y profesionales asociados,Civil engineering technicians
México,Resto,7317,20801.5,231,0.0,0.2666666666666667,0.2666666666666667,Oficios y artesanía,"Handicraft workers in wood, basketry and related materials"
México,Resto,8172,20459.0,253,0.0,0.0625,0.0625,Operadores de planta y máquinas,Wood processing plant operators
México,Resto,7313,20344.0,237,0.0384615384615384,0.1730769230769231,0.2115384615384615,Oficios y artesanía,Jewellery and precious-metal workers
México,Resto,3118,20267.75,273,0.1017857142857142,0.5063244047619048,0.608110119047619,Técnicos y profesionales asociados,Draughtspersons
México,Resto,7231,18183.75,270,0.0357391627979863,0.0869469550057785,0.1226861178037648,Oficios y artesanía,Motor vehicle mechanics and repairers
México,Resto,4323,18030.25,296,0.3076923076923077,0.6538461538461539,0.9615384615384616,Apoyo administrativo,Transport clerks
México,Resto,9214,17799.75,283,0.0333333333333333,0.0935185185185185,0.1268518518518518,Ocupaciones elementales,Garden and horticultural labourers
México,Resto,2643,17773.25,222,0.4866310160427807,0.7025401069518716,1.0,Profesionales e ingeniería,"Translators, interpreters and other linguists"
México,Resto,5411,17667.0,279,0.1666666666666666,0.2833333333333333,0.4499999999999999,Servicios y ventas,Fire-fighters
México,Resto,3139,17645.25,302,0.6875,0.78125,1.0,Técnicos y profesionales asociados,Process control technicians not elsewhere classified
México,Resto,9121,17501.25,187,0.0,0.0178571428571428,0.0178571428571428,Ocupaciones elementales,Hand launderers and pressers
México,Resto,6221,17079.75,218,0.1083333333333333,0.2145833333333333,0.3229166666666666,Agropecuario calificado,Aquaculture workers
México,Resto,2651,16195.0,199,0.0,0.3364583333333333,0.3364583333333333,Profesionales e ingeniería,Visual artists
México,Resto,2120,16046.25,103,0.3863636363636363,0.6931818181818181,1.0,Profesionales e ingeniería,"Mathematicians, actuaries and statisticians"
México,Resto,8154,15909.75,200,0.125,0.1458333333333333,0.2708333333333332,Operadores de planta y máquinas,"Bleaching, dyeing and fabric cleaning machine operators"
México,Resto,2633,15763.75,147,0.1017316017316017,0.5075757575757576,0.6093073593073592,Profesionales e ingeniería,"Philosophers, historians and political scientists"
México,Resto,1311,15600.75,222,0.0333333333333333,0.3833333333333334,0.4166666666666667,Dirección y gerencia,Agricultural and forestry production managers
México,Resto,2151,15472.0,281,0.2272727272727273,0.5454545454545454,0.7727272727272727,Profesionales e ingeniería,Electrical engineers
México,Resto,8151,15450.25,222,0.0833333333333333,0.0833333333333333,0.1666666666666666,Operadores de planta y máquinas,"Fibre preparing, spinning and winding machine operators"
México,Resto,2114,15402.5,257,0.106875,0.484375,0.59125,Profesionales e ingeniería,Geologists and geophysicists
México,Resto,2163,15390.0,169,0.0,0.4352941176470588,0.4352941176470588,Profesionales e ingeniería,Product and garment designers
México,Resto,7214,15231.5,199,0.0,0.0393892339544513,0.0393892339544513,Oficios y artesanía,Structural-metal preparers and erectors
México,Resto,2131,14928.0,218,0.085758377425044,0.4490001253890143,0.5347585028140583,Profesionales e ingeniería,"Biologists, botanists, zoologists and related professionals"
México,Resto,8312,14738.25,172,0.0975165185691501,0.2592845750740487,0.3568010936431989,Operadores de planta y máquinas,"Railway brake, signal and switch operators"
México,Resto,1113,14324.5,215,0.077891156462585,0.4448979591836735,0.5227891156462585,Dirección y gerencia,Traditional chiefs and heads of villages
México,Resto,5163,14015.5,174,0.12004662004662,0.1427738927738927,0.2628205128205128,Servicios y ventas,Undertakers and embalmers
México,Resto,9623,13578.75,168,0.3117408906882591,0.3694331983805667,0.6811740890688258,Ocupaciones elementales,Meter readers and vending-machine collectors
México,Resto,7312,13509.25,148,0.0227272727272727,0.2226658476658476,0.2453931203931204,Oficios y artesanía,Musical instrument makers and tuners
México,Resto,8111,13262.5,250,0.0226190476190476,0.0388227513227513,0.0614417989417989,Operadores de planta y máquinas,Miners and quarriers
México,Resto,8112,13213.75,230,0.0909090909090909,0.0909090909090909,0.1818181818181818,Operadores de planta y máquinas,Mineral and stone processing plant operators
México,Resto,2153,13172.0,128,0.3333333333333333,0.6071428571428571,0.9404761904761904,Profesionales e ingeniería,Telecommunications engineers
México,Resto,8114,12746.25,165,0.0579716336295283,0.0887517088174982,0.1467233424470266,Operadores de planta y máquinas,"Cement, stone and other mineral products machine operators"
México,Resto,2263,12691.25,143,0.1488095238095238,0.4322916666666666,0.5811011904761905,Profesionales e ingeniería,Environmental and occupational health and hygiene professionals
México,Resto,7115,12682.5,178,0.0344827586206896,0.1379310344827586,0.1724137931034482,Oficios y artesanía,Carpenters and joiners
México,Resto,4131,12009.75,171,0.7,0.75,1.0,Apoyo administrativo,Typists and word processing operators
México,Resto,9216,11851.0,189,0.0,0.059090909090909,0.059090909090909,Ocupaciones elementales,Fishery and aquaculture labourers
México,Resto,7121,11707.75,148,0.0,0.0357142857142857,0.0357142857142857,Oficios y artesanía,Roofers
México,Resto,9329,11477.25,151,0.160472442182001,0.1878502335763364,0.3483226757583375,Ocupaciones elementales,Manufacturing labourers not elsewhere classified
México,Resto,9624,11421.5,117,0.0512820512820512,0.0512820512820512,0.1025641025641025,Ocupaciones elementales,Water and firewood collectors
México,Resto,2521,10955.0,145,0.8397932816537468,0.9198966408268734,1.0,Profesionales e ingeniería,Database designers and administrators
México,Resto,8189,10895.5,189,0.0804000089738412,0.1016862408578992,0.1820862498317405,Operadores de planta y máquinas,Stationary plant and machine operators not elsewhere classified
México,Resto,2631,10600.0,51,0.1212121212121212,0.5606060606060606,0.6818181818181818,Profesionales e ingeniería,Economists
México,Resto,7535,9968.5,131,0.1666666666666667,0.1666666666666667,0.3333333333333334,Oficios y artesanía,"Pelt dressers, tanners and fellmongers"
México,Resto,3351,9837.25,107,0.1450948509485094,0.3821815718157181,0.5272764227642276,Técnicos y profesionales asociados,Customs and border inspectors
México,Resto,3132,9524.75,139,0.1044642857142857,0.2111372180451127,0.3156015037593984,Técnicos y profesionales asociados,Incinerator and water treatment plant operators
México,Resto,2112,9464.5,182,0.1481481481481481,0.5370370370370371,0.6851851851851852,Profesionales e ingeniería,Meteorologists
México,Resto,8311,9462.0,93,0.1756702361965519,0.2373623452570821,0.4130325814536341,Operadores de planta y máquinas,Locomotive engine drivers
México,Resto,9331,9396.0,95,0.1732026143790849,0.2165032679738562,0.3897058823529411,Ocupaciones elementales,Hand and pedal vehicle drivers
México,Resto,3230,9334.75,114,0.1597222222222222,0.3602843915343915,0.5200066137566138,Técnicos y profesionales asociados,Traditional and complementary medicine associate professionals
México,Resto,2230,9308.0,104,0.1805555555555555,0.3263888888888889,0.5069444444444444,Profesionales e ingeniería,Traditional and complementary medicine professionals
México,Resto,2621,9160.75,116,0.1051282051282051,0.5,0.6051282051282051,Profesionales e ingeniería,Archivists and curators
México,Resto,7549,8972.0,139,0.03125,0.1354166666666666,0.1666666666666666,Oficios y artesanía,Craft and related workers not elsewhere classified
México,Resto,2655,8953.5,55,0.1578947368421053,0.1842105263157895,0.3421052631578948,Profesionales e ingeniería,Actors
México,Resto,3131,8849.0,101,0.1134057971014492,0.3,0.4134057971014492,Técnicos y profesionales asociados,Power production plant operators
México,Resto,4412,8758.25,102,0.1722004162166433,0.2472954699121027,0.4194958861287461,Apoyo administrativo,Mail carriers and sorting clerks
México,Resto,6123,8515.25,138,0.1083333333333333,0.2145833333333333,0.3229166666666666,Agropecuario calificado,Apiarists and sericulturists
México,Resto,1112,8469.5,172,0.0408163265306122,0.457809210640778,0.4986255371713903,Dirección y gerencia,Senior government officials
México,Resto,3152,8379.0,196,0.1472488038277512,0.2966108452950558,0.443859649122807,Técnicos y profesionales asociados,Ships' deck officers and pilots
México,Resto,9311,8370.75,113,0.0,0.0,0.0,Ocupaciones elementales,Mining and quarrying labourers
México,Resto,3352,8067.25,147,0.16,0.56,0.7200000000000001,Técnicos y profesionales asociados,Government tax and excise officials
México,Resto,6129,7713.0,103,0.1083333333333333,0.2145833333333333,0.3229166666666666,Agropecuario calificado,Animal producers not elsewhere classified
México,Resto,5111,7491.75,46,0.132451583504215,0.2402802460697197,0.3727318295739348,Servicios y ventas,Travel attendants and travel stewards
México,Resto,3421,7262.0,103,0.0,0.0,0.0,Técnicos y profesionales asociados,Athletes and sports players
México,Resto,9520,7149.75,91,0.1666666666666667,0.25,0.4166666666666667,Ocupaciones elementales,Street vendors (excluding food)
México,Resto,2221,7132.5,113,0.0342434892313237,0.3425700639812563,0.37681355321258,Profesionales e ingeniería,Nursing professionals
México,Resto,3353,7072.25,132,0.3125490196078431,0.5965686274509805,0.9091176470588236,Técnicos y profesionales asociados,Government social benefits officials
México,Resto,3413,6901.25,101,0.1730435156518748,0.3763276143790849,0.5493711300309598,Técnicos y profesionales asociados,Religious associate professionals
México,Resto,3134,6662.25,114,0.1273978214767688,0.1979076296510507,0.3253054511278195,Técnicos y profesionales asociados,Petroleum and natural gas refining plant operators
México,Resto,1223,6566.5,82,0.0946428571428571,0.4955357142857143,0.5901785714285714,Dirección y gerencia,Research and development managers
México,Resto,2632,6384.75,60,0.1290598290598291,0.4961538461538461,0.6252136752136752,Profesionales e ingeniería,"Sociologists, anthropologists and related professionals"
México,Resto,7311,6258.0,103,0.1008373205741626,0.2969896331738437,0.3978269537480064,Oficios y artesanía,Precision-instrument makers and repairers
México,Resto,3143,6161.25,100,0.0952380952380952,0.3571428571428572,0.4523809523809524,Técnicos y profesionales asociados,Forestry technicians
México,Resto,2659,5981.25,80,0.4210526315789473,0.5263157894736842,0.9473684210526314,Profesionales e ingeniería,Creative and performing artists not elsewhere classified
México,Resto,8350,5977.75,105,0.0178571428571428,0.0267857142857142,0.0446428571428571,Operadores de planta y máquinas,Ships' deck crews and related workers
México,Resto,9629,5502.0,82,0.0956544853570025,0.1391038531770797,0.2347583385340822,Ocupaciones elementales,Elementary workers not elsewhere classified
México,Resto,2146,5305.5,152,0.1382203243616287,0.4792906746031746,0.6175109989648033,Profesionales e ingeniería,"Mining engineers, metallurgists and related professionals"
México,Resto,7541,4869.5,68,0.0,0.06,0.06,Oficios y artesanía,Underwater divers
México,Resto,0210,4616.25,62,0.0,0.4583333333333333,0.4583333333333333,Fuerzas armadas,Non-commissioned armed forces officers
México,Resto,3213,4546.75,52,0.2857142857142857,0.4047619047619048,0.6904761904761905,Técnicos y profesionales asociados,Pharmaceutical technicians and assistants
México,Resto,2641,4429.25,47,0.5351851851851852,0.7392857142857143,1.0,Profesionales e ingeniería,Authors and related writers
México,Resto,1322,4197.25,64,0.1261224779766979,0.4600348110258596,0.5861572890025576,Dirección y gerencia,Mining managers
México,Resto,5161,4185.5,40,0.4210526315789473,0.5263157894736842,0.9473684210526314,Servicios y ventas,"Astrologers, fortune-tellers and related workers"
México,Resto,2653,4130.5,79,0.0277777777777777,0.1567460317460317,0.1845238095238095,Profesionales e ingeniería,Dancers and choreographers
México,Resto,4413,4008.25,49,0.9090909090909092,0.9545454545454546,1.0,Apoyo administrativo,"Coding, proof-reading and related clerks"
México,Resto,2111,3857.5,31,0.2627450980392157,0.5705882352941176,0.8333333333333333,Profesionales e ingeniería,Physicists and astronomers
México,Resto,7532,3167.0,42,0.0787037037037037,0.2118055555555555,0.2905092592592593,Oficios y artesanía,Garment and related pattern-makers and cutters
México,Resto,2422,3057.75,27,0.175,0.571195652173913,0.746195652173913,Profesionales e ingeniería,Policy administration professionals
México,Resto,2352,3050.0,43,0.1372222222222222,0.3105555555555555,0.4477777777777777,Profesionales e ingeniería,Special needs teachers
México,Resto,2652,2490.75,26,0.3833333333333333,0.5666666666666667,0.95,Profesionales e ingeniería,"Musicians, singers and composers"
México,Resto,3117,2457.75,75,0.1215126811594203,0.3806159420289855,0.5021286231884058,Técnicos y profesionales asociados,Mining and metallurgical technicians
México,Resto,3154,2449.0,46,0.0907270646973164,0.3371905554399833,0.4279176201372997,Técnicos y profesionales asociados,Air traffic controllers
México,Resto,9622,2347.0,43,0.0249999999999999,0.1048611111111111,0.1298611111111111,Ocupaciones elementales,Odd job persons
México,Resto,0310,1929.25,25,0.0652173913043478,0.2391304347826087,0.3043478260869565,Fuerzas armadas,"Armed forces occupations, other ranks"
México,Resto,3222,1793.0,24,0.1597222222222222,0.3602843915343915,0.5200066137566138,Técnicos y profesionales asociados,Midwifery associate professionals
México,Resto,9332,1665.0,22,0.1111111111111111,0.1388888888888889,0.25,Ocupaciones elementales,Drivers of animal-drawn vehicles and machinery
México,Resto,8132,1621.25,12,0.0625,0.390625,0.453125,Operadores de planta y máquinas,Photographic products machine operators
México,Resto,3151,1598.0,30,0.1060723332395159,0.2515128060793695,0.3575851393188854,Técnicos y profesionales asociados,Ships' engineers
México,Resto,1114,1569.75,23,0.0878741593255659,0.4956243487733258,0.5834985080988917,Dirección y gerencia,Senior officials of special-interest organizations
México,Resto,6224,1360.25,19,0.0666666666666666,0.1666666666666666,0.2333333333333333,Agropecuario calificado,Hunters and trappers
México,Resto,5241,1146.75,9,0.1428571428571428,0.25,0.3928571428571428,Servicios y ventas,Fashion and other models
México,Resto,4416,1010.75,18,0.2631578947368421,0.6052631578947368,0.868421052631579,Apoyo administrativo,Personnel clerks
México,Resto,1111,948.5,18,0.0333333333333333,0.4,0.4333333333333333,Dirección y gerencia,Legislators
México,Resto,9334,743.0,15,0.1,0.1833333333333333,0.2833333333333333,Ocupaciones elementales,Shelf fillers
México,Resto,0110,308.25,7,,,,Fuerzas armadas,Commissioned armed forces officers
México,Resto,5169,209.75,8,0.0759691340651093,0.2282714138286893,0.3042405478937987,Servicios y ventas,Personal services workers not elsewhere classified
Rep. Dominicana,Cables y aparatos eléctricos,8212,4444.0439453125,4,0.0481283422459893,0.1080162974280621,0.1561446396740514,Operadores de planta y máquinas,Electrical and electronic equipment assemblers
Rep. Dominicana,Cables y aparatos eléctricos,8151,1018.8259887695312,1,0.0833333333333333,0.0833333333333333,0.1666666666666666,Operadores de planta y máquinas,"Fibre preparing, spinning and winding machine operators"
Rep. Dominicana,Cables y aparatos eléctricos,3122,806.96044921875,1,0.15,0.4,0.55,Técnicos y profesionales asociados,Manufacturing supervisors
Rep. Dominicana,Cables y aparatos eléctricos,7212,691.680419921875,1,0.067816091954023,0.0847701149425287,0.1525862068965517,Oficios y artesanía,Welders and flamecutters
Rep. Dominicana,Cables y aparatos eléctricos,1439,623.0491943359375,1,0.1261224779766979,0.4600348110258596,0.5861572890025576,Dirección y gerencia,Services managers not elsewhere classified
Rep. Dominicana,Cables y aparatos eléctricos,6113,227.4224090576172,1,0.0604395604395604,0.1382783882783883,0.1987179487179487,Agropecuario calificado,"Gardeners, horticultural and nursery growers"
Rep. Dominicana,Dispositivos médicos,8219,19416.754180908203,24,0.1818181818181818,0.2272727272727273,0.409090909090909,Operadores de planta y máquinas,Assemblers not elsewhere classified
Rep. Dominicana,Dispositivos médicos,3122,4473.190765380859,8,0.15,0.4,0.55,Técnicos y profesionales asociados,Manufacturing supervisors
Rep. Dominicana,Dispositivos médicos,4321,2051.128692626953,3,0.1999999999999999,0.3414141414141414,0.5414141414141413,Apoyo administrativo,Stock clerks
Rep. Dominicana,Dispositivos médicos,4323,2037.6519775390625,1,0.3076923076923077,0.6538461538461539,0.9615384615384616,Apoyo administrativo,Transport clerks
Rep. Dominicana,Dispositivos médicos,9321,1839.448486328125,3,0.0833333333333333,0.0833333333333333,0.1666666666666666,Ocupaciones elementales,Hand packers
Rep. Dominicana,Dispositivos médicos,8153,1578.0986328125,2,0.0384615384615384,0.0769230769230769,0.1153846153846153,Operadores de planta y máquinas,Sewing machine operators
Rep. Dominicana,Dispositivos médicos,7543,1337.485107421875,2,0.25,0.40625,0.65625,Oficios y artesanía,Product graders and testers (excluding foods and beverages)
Rep. Dominicana,Dispositivos médicos,4416,1164.37255859375,2,0.2631578947368421,0.6052631578947368,0.868421052631579,Apoyo administrativo,Personnel clerks
Rep. Dominicana,Dispositivos médicos,7233,1078.6575927734375,1,0.065213644380311,0.1366683202733927,0.2018819646537037,Oficios y artesanía,Agricultural and industrial machinery mechanics and repairers
Rep. Dominicana,Dispositivos médicos,9329,1018.8259887695312,1,0.160472442182001,0.1878502335763364,0.3483226757583375,Ocupaciones elementales,Manufacturing labourers not elsewhere classified
Rep. Dominicana,Dispositivos médicos,8142,806.96044921875,1,0.0602166230455704,0.0904467337250812,0.1506633567706516,Operadores de planta y máquinas,Plastic products machine operators
Rep. Dominicana,Dispositivos médicos,4225,612.804443359375,1,0.581453634085213,0.7393483709273183,1.0,Apoyo administrativo,Enquiry clerks
Rep. Dominicana,Dispositivos médicos,8183,505.78924560546875,1,0.0,0.0,0.0,Operadores de planta y máquinas,"Packing, bottling and labelling machine operators"
Rep. Dominicana,Dispositivos médicos,3214,459.60333251953125,1,0.0666666666666666,0.1725044563279857,0.2391711229946523,Técnicos y profesionales asociados,Medical and dental prosthetic technicians
Rep. Dominicana,Electrónicos,8212,691.680419921875,1,0.0481283422459893,0.1080162974280621,0.1561446396740514,Operadores de planta y máquinas,Electrical and electronic equipment assemblers
Rep. Dominicana,Electrónicos,4222,612.804443359375,1,0.1719298245614035,0.5464912280701755,0.718421052631579,Apoyo administrativo,Contact centre information clerks
Rep. Dominicana,Resto,9111,198702.15921020508,329,0.0,0.0,0.0,Ocupaciones elementales,Domestic cleaners and helpers
Rep. Dominicana,Resto,8321,182803.9448852539,276,0.1648958626512806,0.3103363354911342,0.4752321981424148,Operadores de planta y máquinas,Motorcycle drivers
Rep. Dominicana,Resto,5223,174144.67510986328,257,0.1414473684210526,0.3453947368421052,0.4868421052631579,Servicios y ventas,Shop sales assistants
Rep. Dominicana,Resto,9112,171227.29998779297,290,0.0158730158730158,0.0238095238095238,0.0396825396825396,Ocupaciones elementales,"Cleaners and helpers in offices, hotels and other establishments"
Rep. Dominicana,Resto,5221,149081.93893432617,252,0.0,0.4705882352941176,0.4705882352941176,Servicios y ventas,Shopkeepers
Rep. Dominicana,Resto,7112,142146.35696411133,239,0.0,0.0178571428571428,0.0178571428571428,Oficios y artesanía,Bricklayers and related workers
Rep. Dominicana,Resto,4212,126338.97311401367,195,0.2763789152024446,0.3468067226890756,0.6231856378915203,Apoyo administrativo,"Bookmakers, croupiers and related gaming workers"
Rep. Dominicana,Resto,9211,124742.04284667969,295,0.0666666666666666,0.15,0.2166666666666666,Ocupaciones elementales,Crop farm labourers
Rep. Dominicana,Resto,5141,118417.88317871094,172,0.0842897952468554,0.2021914868159315,0.286481282062787,Servicios y ventas,Hairdressers
Rep. Dominicana,Resto,5120,114850.93739318848,179,0.0909954751131221,0.206447963800905,0.2974434389140272,Servicios y ventas,Cooks
Rep. Dominicana,Resto,5414,109444.03955078125,194,0.1577380952380952,0.3135874542124542,0.4713255494505494,Servicios y ventas,Security guards
Rep. Dominicana,Resto,5249,97658.7651977539,163,0.25,0.53125,0.78125,Servicios y ventas,Sales workers not elsewhere classified
Rep. Dominicana,Resto,7231,92140.7166595459,138,0.0357391627979863,0.0869469550057785,0.1226861178037648,Oficios y artesanía,Motor vehicle mechanics and repairers
Rep. Dominicana,Resto,8322,86459.72569274902,119,0.1575025851341641,0.2663797277284119,0.423882312862576,Operadores de planta y máquinas,"Car, taxi and van drivers"
Rep. Dominicana,Resto,9411,86160.32534790039,138,0.0,0.0,0.0,Ocupaciones elementales,Fast food preparers
Rep. Dominicana,Resto,5243,85376.25927734375,132,0.1666666666666667,0.25,0.4166666666666667,Servicios y ventas,Door to door salespersons
Rep. Dominicana,Resto,9313,74264.86692810059,136,0.0059523809523809,0.0104166666666666,0.0163690476190476,Ocupaciones elementales,Building construction labourers
Rep. Dominicana,Resto,8332,73765.89953613281,119,0.1278939651180738,0.2842452538972063,0.4121392190152801,Operadores de planta y máquinas,Heavy truck and lorry drivers
Rep. Dominicana,Resto,6112,70650.42811584473,179,0.0666666666666666,0.1416666666666666,0.2083333333333333,Agropecuario calificado,Tree and shrub crop growers
Rep. Dominicana,Resto,2341,64746.99467468262,104,0.069172932330827,0.3298872180451128,0.3990601503759398,Profesionales e ingeniería,Primary school teachers
Rep. Dominicana,Resto,2611,64052.38081359863,50,0.0,0.4318181818181818,0.4318181818181818,Profesionales e ingeniería,Lawyers
Rep. Dominicana,Resto,6111,62773.89709472656,180,0.0666666666666666,0.1416666666666666,0.2083333333333333,Agropecuario calificado,Field crop and vegetable growers
Rep. Dominicana,Resto,4120,56537.66809082031,80,0.34375,0.625,0.96875,Apoyo administrativo,Secretaries (general)
Rep. Dominicana,Resto,5311,50940.1884765625,74,0.1115137442536823,0.2570421709353597,0.368555915189042,Servicios y ventas,Child care workers
Rep. Dominicana,Resto,7522,47148.85757446289,72,0.0928571428571428,0.153327922077922,0.2461850649350649,Oficios y artesanía,Cabinet-makers and related workers
Rep. Dominicana,Resto,4321,46811.867736816406,77,0.1999999999999999,0.3414141414141414,0.5414141414141413,Apoyo administrativo,Stock clerks
Rep. Dominicana,Resto,5230,46722.71235656738,74,0.1862068965517241,0.2373563218390804,0.4235632183908046,Servicios y ventas,Cashiers and ticket clerks
Rep. Dominicana,Resto,7131,44988.390213012695,67,0.0263157894736842,0.0388157894736842,0.0651315789473684,Oficios y artesanía,Painters and related workers
Rep. Dominicana,Resto,5412,43538.95083618164,69,0.0977932636469221,0.2932926829268292,0.3910859465737514,Servicios y ventas,Police officers
Rep. Dominicana,Resto,2411,43521.584228515625,56,0.1423076923076923,0.5583333333333333,0.7006410256410257,Profesionales e ingeniería,Accountants
Rep. Dominicana,Resto,5142,42687.27098083496,59,0.0935999240784541,0.2154475952598176,0.3090475193382718,Servicios y ventas,Beauticians and related workers
Rep. Dominicana,Resto,2330,41318.310485839844,64,0.03125,0.328125,0.359375,Profesionales e ingeniería,Secondary education teachers
Rep. Dominicana,Resto,5211,40804.51135253906,75,0.1666666666666667,0.25,0.4166666666666667,Servicios y ventas,Stall and market salespersons
Rep. Dominicana,Resto,7221,40261.79667663574,63,0.0,0.0384615384615384,0.0384615384615384,Oficios y artesanía,"Blacksmiths, hammersmiths and forging press workers"
Rep. Dominicana,Resto,6121,39794.07597351074,90,0.1083333333333333,0.2145833333333333,0.3229166666666666,Agropecuario calificado,Livestock and dairy producers
Rep. Dominicana,Resto,4222,39150.0830078125,44,0.1719298245614035,0.5464912280701755,0.718421052631579,Apoyo administrativo,Contact centre information clerks
Rep. Dominicana,Resto,1420,36470.82356262207,49,0.0,0.4705882352941176,0.4705882352941176,Dirección y gerencia,Retail and wholesale trade managers
Rep. Dominicana,Resto,9333,33996.87535095215,56,0.0942408189048726,0.1890989749332414,0.2833397938381141,Ocupaciones elementales,Freight handlers
Rep. Dominicana,Resto,4225,31639.51416015625,36,0.581453634085213,0.7393483709273183,1.0,Apoyo administrativo,Enquiry clerks
Rep. Dominicana,Resto,5131,30589.17790222168,42,0.0757142857142857,0.1614285714285714,0.2371428571428571,Servicios y ventas,Waiters
Rep. Dominicana,Resto,7411,30244.65640258789,44,0.0476190476190476,0.1291208791208791,0.1767399267399267,Oficios y artesanía,Building and related electricians
Rep. Dominicana,Resto,9412,29980.72982788086,46,0.010752688172043,0.0161290322580645,0.0268817204301075,Ocupaciones elementales,Kitchen helpers
Rep. Dominicana,Resto,3343,29852.515426635742,33,0.6461038961038961,0.8003246753246753,1.0,Técnicos y profesionales asociados,Administrative and executive secretaries
Rep. Dominicana,Resto,3312,27711.74447631836,35,0.2304347826086956,0.5960144927536233,0.8264492753623189,Técnicos y profesionales asociados,Credit and loans officers
Rep. Dominicana,Resto,5132,27458.15185546875,42,0.1,0.2,0.3,Servicios y ventas,Bartenders
Rep. Dominicana,Resto,5246,27453.94076538086,37,0.0425531914893617,0.0709219858156028,0.1134751773049645,Servicios y ventas,Food service counter attendants
Rep. Dominicana,Resto,9122,27215.12954711914,40,0.0476190476190476,0.0714285714285714,0.119047619047619,Ocupaciones elementales,Vehicle cleaners
Rep. Dominicana,Resto,8331,26348.0645904541,43,0.2385942360013567,0.3158299324514494,0.5544241684528062,Operadores de planta y máquinas,Bus and tram drivers
Rep. Dominicana,Resto,7516,25838.188369750977,49,0.0832410483573274,0.0987449243263196,0.1819859726836471,Oficios y artesanía,Tobacco preparers and tobacco products makers
Rep. Dominicana,Resto,5151,25711.91567993164,41,0.1538461538461539,0.2692307692307692,0.4230769230769231,Servicios y ventas,"Cleaning and housekeeping supervisors in offices, hotels and other establishments"
Rep. Dominicana,Resto,2342,25539.731475830078,39,0.0564387917329093,0.2251589825119236,0.281597774244833,Profesionales e ingeniería,Early childhood educators
Rep. Dominicana,Resto,7126,25165.505920410156,35,0.0098039215686274,0.0570728291316526,0.0668767507002801,Oficios y artesanía,Plumbers and pipe fitters
Rep. Dominicana,Resto,3221,24965.19546508789,39,0.0869565217391304,0.2391304347826087,0.3260869565217391,Técnicos y profesionales asociados,Nursing associate professionals
Rep. Dominicana,Resto,7111,23964.25860595703,35,0.04,0.44,0.48,Oficios y artesanía,House builders
Rep. Dominicana,Resto,8153,23128.30337524414,40,0.0384615384615384,0.0769230769230769,0.1153846153846153,Operadores de planta y máquinas,Sewing machine operators
Rep. Dominicana,Resto,2221,22727.69175720215,29,0.0342434892313237,0.3425700639812563,0.37681355321258,Profesionales e ingeniería,Nursing professionals
Rep. Dominicana,Resto,7127,21987.196655273438,29,0.056060606060606,0.2659090909090909,0.321969696969697,Oficios y artesanía,Air conditioning and refrigeration mechanics
Rep. Dominicana,Resto,7512,21825.044311523438,35,0.1666666666666667,0.2777777777777778,0.4444444444444445,Oficios y artesanía,"Bakers, pastry-cooks and confectionery makers"
Rep. Dominicana,Resto,7511,21669.08753967285,37,0.0333333333333333,0.0541666666666666,0.0875,Oficios y artesanía,"Butchers, fishmongers and related food preparers"
Rep. Dominicana,Resto,7412,21224.365432739258,35,0.1220976314834875,0.1976393829495566,0.3197370144330442,Oficios y artesanía,Electrical mechanics and fitters
Rep. Dominicana,Resto,1412,19974.908935546875,20,0.0714285714285714,0.4285714285714285,0.4999999999999999,Dirección y gerencia,Restaurant managers
Rep. Dominicana,Resto,3122,19835.11932373047,30,0.15,0.4,0.55,Técnicos y profesionales asociados,Manufacturing supervisors
Rep. Dominicana,Resto,7233,19571.979095458984,21,0.065213644380311,0.1366683202733927,0.2018819646537037,Oficios y artesanía,Agricultural and industrial machinery mechanics and repairers
Rep. Dominicana,Resto,2211,19033.609008789062,22,0.0096152259866079,0.4407874326947311,0.450402658681339,Profesionales e ingeniería,Generalist medical practitioners
Rep. Dominicana,Resto,3334,18312.282165527344,15,0.0277777777777777,0.4732744107744107,0.5010521885521885,Técnicos y profesionales asociados,Real estate agents and property managers
Rep. Dominicana,Resto,9613,18174.879837036133,32,0.1642494019138756,0.2457012559808612,0.40995065789473684,Ocupaciones elementales,Sweepers and related labourers
Rep. Dominicana,Resto,6122,17723.63493347168,40,0.1083333333333333,0.2145833333333333,0.3229166666666666,Agropecuario calificado,Poultry producers
Rep. Dominicana,Resto,3344,17239.795501708984,21,0.5875,0.7770833333333333,1.0,Técnicos y profesionales asociados,Medical secretaries
Rep. Dominicana,Resto,9214,17223.59161376953,22,0.0333333333333333,0.0935185185185185,0.1268518518518518,Ocupaciones elementales,Garden and horticultural labourers
Rep. Dominicana,Resto,3313,16782.994064331055,23,0.5666666666666667,0.7833333333333333,1.0,Técnicos y profesionales asociados,Accounting associate professionals
Rep. Dominicana,Resto,7115,16492.81379699707,27,0.0344827586206896,0.1379310344827586,0.1724137931034482,Oficios y artesanía,Carpenters and joiners
Rep. Dominicana,Resto,5212,16487.216796875,28,0.119047619047619,0.1964285714285714,0.3154761904761904,Servicios y ventas,Street food salespersons
Rep. Dominicana,Resto,7422,16340.304718017578,19,0.1486580086580086,0.2455844155844156,0.3942424242424243,Oficios y artesanía,Information and communications technology installers and servicers
Rep. Dominicana,Resto,2433,16224.876403808594,15,0.1065759637188208,0.5189909297052154,0.6255668934240363,Profesionales e ingeniería,Technical and medical sales professionals (excluding ICT)
Rep. Dominicana,Resto,8160,15987.229721069336,25,0.0743414418398938,0.0783414418398938,0.1526828836797877,Operadores de planta y máquinas,Food and related products machine operators
Rep. Dominicana,Resto,0210,15817.079696655273,20,0.0,0.4583333333333333,0.4583333333333333,Fuerzas armadas,Non-commissioned armed forces officers
Rep. Dominicana,Resto,6113,15529.723999023438,26,0.0604395604395604,0.1382783882783883,0.1987179487179487,Agropecuario calificado,"Gardeners, horticultural and nursery growers"
Rep. Dominicana,Resto,9520,15481.544799804688,26,0.1666666666666667,0.25,0.4166666666666667,Ocupaciones elementales,Street vendors (excluding food)
Rep. Dominicana,Resto,0310,14890.60090637207,32,0.0652173913043478,0.2391304347826087,0.3043478260869565,Fuerzas armadas,"Armed forces occupations, other ranks"
Rep. Dominicana,Resto,7413,14772.858016967773,21,0.0227272727272727,0.2159090909090909,0.2386363636363636,Oficios y artesanía,Electrical line installers and repairers
Rep. Dominicana,Resto,4211,14735.737319946289,20,0.2610837438423645,0.4597701149425287,0.7208538587848932,Apoyo administrativo,Bank tellers and related clerks
Rep. Dominicana,Resto,7212,14390.885803222656,25,0.067816091954023,0.0847701149425287,0.1525862068965517,Oficios y artesanía,Welders and flamecutters
Rep. Dominicana,Resto,4214,14121.055389404297,17,0.2714285714285714,0.6,0.8714285714285714,Apoyo administrativo,Debt-collectors and related workers
Rep. Dominicana,Resto,2351,14074.13899230957,23,0.2,0.5333333333333333,0.7333333333333334,Profesionales e ingeniería,Education methods specialists
Rep. Dominicana,Resto,1439,13771.767272949219,18,0.1261224779766979,0.4600348110258596,0.5861572890025576,Dirección y gerencia,Services managers not elsewhere classified
Rep. Dominicana,Resto,7533,13489.604370117188,24,0.0138888888888888,0.0930674264007597,0.1069563152896486,Oficios y artesanía,"Sewing, embroidery and related workers"
Rep. Dominicana,Resto,5322,13107.402313232422,20,0.1192919911186165,0.2200988210276135,0.33939081214623,Servicios y ventas,Home-based personal care workers
Rep. Dominicana,Resto,2212,13001.228332519531,13,0.0421366252337308,0.3755343413821616,0.4176709666158923,Profesionales e ingeniería,Specialist medical practitioners
Rep. Dominicana,Resto,4213,12882.300796508789,17,0.2696304101577935,0.46885894587720145,0.7384893560349949,Apoyo administrativo,Pawnbrokers and money-lenders
Rep. Dominicana,Resto,5245,12356.851455688477,19,0.1472488038277512,0.2632775119617224,0.4105263157894736,Servicios y ventas,Service station attendants
Rep. Dominicana,Resto,4323,12136.839981079102,20,0.3076923076923077,0.6538461538461539,0.9615384615384616,Apoyo administrativo,Transport clerks
Rep. Dominicana,Resto,7534,12079.994567871094,18,0.1363636363636364,0.2272727272727273,0.3636363636363637,Oficios y artesanía,Upholsterers and related workers
Rep. Dominicana,Resto,9334,12009.199798583984,15,0.1,0.1833333333333333,0.2833333333333333,Ocupaciones elementales,Shelf fillers
Rep. Dominicana,Resto,4132,11862.727630615234,18,0.7777777777777778,0.8333333333333334,1.0,Apoyo administrativo,Data entry clerks
Rep. Dominicana,Resto,7114,11821.773895263672,15,0.0,0.0138888888888888,0.0138888888888888,Oficios y artesanía,"Concrete placers, concrete finishers and related workers"
Rep. Dominicana,Resto,7122,11738.89453125,17,0.01,0.0584821428571428,0.0684821428571428,Oficios y artesanía,Floor layers and tile setters
Rep. Dominicana,Resto,3412,11601.55908203125,14,0.2,0.35,0.55,Técnicos y profesionales asociados,Social work associate professionals
Rep. Dominicana,Resto,9611,11216.261932373047,21,0.1409988038277512,0.2726525119617224,0.4136513157894737,Ocupaciones elementales,Garbage and recycling collectors
Rep. Dominicana,Resto,7531,11157.184982299805,16,0.0454545454545454,0.0909090909090909,0.1363636363636363,Oficios y artesanía,"Tailors, dressmakers, furriers and hatters"
Rep. Dominicana,Resto,2634,11067.944458007812,14,0.0641666666666666,0.4407200292397661,0.5048866959064328,Profesionales e ingeniería,Psychologists
Rep. Dominicana,Resto,7125,10806.701690673828,19,0.0,0.0925925925925925,0.0925925925925925,Oficios y artesanía,Glaziers
Rep. Dominicana,Resto,8344,10206.20458984375,15,0.0472488038277512,0.1860047846889952,0.2332535885167464,Operadores de planta y máquinas,Lifting truck operators
Rep. Dominicana,Resto,0110,10186.735000610352,14,,,,Fuerzas armadas,Commissioned armed forces officers
Rep. Dominicana,Resto,3434,10174.672119140625,10,0.1437728937728937,0.3809523809523809,0.5247252747252746,Técnicos y profesionales asociados,Chefs
Rep. Dominicana,Resto,9321,10155.379653930664,19,0.0833333333333333,0.0833333333333333,0.1666666666666666,Ocupaciones elementales,Hand packers
Rep. Dominicana,Resto,7123,10111.261138916016,15,0.0222222222222222,0.035042735042735,0.0572649572649572,Oficios y artesanía,Plasterers
Rep. Dominicana,Resto,3514,9711.257354736328,9,0.5951468710089399,0.77257343550447,1.0,Técnicos y profesionales asociados,Web technicians
Rep. Dominicana,Resto,2511,9319.035278320312,8,0.3333333333333333,0.6141025641025641,0.9474358974358974,Profesionales e ingeniería,Systems analysts
Rep. Dominicana,Resto,4221,9225.258666992188,9,0.1104497354497354,0.5142195767195767,0.6246693121693122,Apoyo administrativo,Travel consultants and clerks
Rep. Dominicana,Resto,9621,8833.746490478516,10,0.1764705882352941,0.25,0.4264705882352941,Ocupaciones elementales,"Messengers, package deliverers and luggage porters"
Rep. Dominicana,Resto,9329,8814.672149658203,14,0.160472442182001,0.1878502335763364,0.3483226757583375,Ocupaciones elementales,Manufacturing labourers not elsewhere classified
Rep. Dominicana,Resto,2142,8796.216033935547,8,0.056338028169014,0.4859154929577465,0.5422535211267606,Profesionales e ingeniería,Civil engineers
Rep. Dominicana,Resto,8183,8715.707656860352,12,0.0,0.0,0.0,Operadores de planta y máquinas,"Packing, bottling and labelling machine operators"
Rep. Dominicana,Resto,5244,8641.027313232422,14,0.5833333333333334,0.7916666666666666,1.0,Servicios y ventas,Contact centre salespersons
Rep. Dominicana,Resto,7213,8479.060577392578,9,0.0,0.0782563025210083,0.0782563025210083,Oficios y artesanía,Sheet-metal workers
Rep. Dominicana,Resto,2310,8245.48501586914,8,0.1941691997427701,0.4817105886228824,0.6758797883656525,Profesionales e ingeniería,University and higher education teachers
Rep. Dominicana,Resto,8142,7697.462982177734,11,0.0602166230455704,0.0904467337250812,0.1506633567706516,Operadores de planta y máquinas,Plastic products machine operators
Rep. Dominicana,Resto,9312,7624.542663574219,15,0.0,0.0131578947368421,0.0131578947368421,Ocupaciones elementales,Civil engineering labourers
Rep. Dominicana,Resto,4226,7620.450500488281,9,0.2105263157894737,0.5263157894736842,0.7368421052631579,Apoyo administrativo,Receptionists (general)
Rep. Dominicana,Resto,1112,7597.935394287109,8,0.0408163265306122,0.457809210640778,0.4986255371713903,Dirección y gerencia,Senior government officials
Rep. Dominicana,Resto,3257,7474.876800537109,11,0.1278294074346706,0.3639200711569132,0.4917494785915839,Técnicos y profesionales asociados,Environmental and occupational health inspectors and associates
Rep. Dominicana,Resto,9121,7331.951385498047,10,0.0,0.0178571428571428,0.0178571428571428,Ocupaciones elementales,Hand launderers and pressers
Rep. Dominicana,Resto,8342,7212.632614135742,14,0.0071428571428571,0.0107142857142857,0.0178571428571428,Operadores de planta y máquinas,Earthmoving and related plant operators
Rep. Dominicana,Resto,3253,7112.581832885742,12,0.0689655172413793,0.3103448275862069,0.3793103448275862,Técnicos y profesionales asociados,Community health workers
Rep. Dominicana,Resto,4311,7055.452941894531,9,0.6333333333333333,0.7833333333333333,1.0,Apoyo administrativo,Accounting and bookkeeping clerks
Rep. Dominicana,Resto,4415,7053.887359619141,12,0.4546783625730994,0.5760233918128655,1.0,Apoyo administrativo,Filing and copying clerks
Rep. Dominicana,Resto,1346,6920.975738525391,6,0.0,0.4773576097105508,0.4773576097105508,Dirección y gerencia,Financial and insurance services branch managers
Rep. Dominicana,Resto,3323,6757.269561767578,10,0.0619883040935672,0.4967836257309941,0.5587719298245614,Técnicos y profesionales asociados,Buyers
Rep. Dominicana,Resto,3322,6623.843200683594,6,0.1892528941401121,0.5691445876596253,0.7583974817997374,Técnicos y profesionales asociados,Commercial sales representatives
Rep. Dominicana,Resto,5222,6574.3861083984375,10,0.0952380952380952,0.5,0.5952380952380952,Servicios y ventas,Shop supervisors
Rep. Dominicana,Resto,3432,6475.739898681641,10,0.0,0.3834567901234567,0.3834567901234567,Técnicos y profesionales asociados,Interior designers and decorators
Rep. Dominicana,Resto,3359,6359.919464111328,8,0.0909090909090909,0.2954545454545455,0.3863636363636364,Técnicos y profesionales asociados,Regulatory government associate professionals not elsewhere classified
Rep. Dominicana,Resto,4224,5931.305587768555,12,0.1625,0.46875,0.63125,Apoyo administrativo,Hotel receptionists
Rep. Dominicana,Resto,1211,5775.9468994140625,2,0.0,0.4841269841269841,0.4841269841269841,Dirección y gerencia,Finance managers
Rep. Dominicana,Resto,3513,5700.4927978515625,7,0.4615384615384616,0.6346153846153846,1.0,Técnicos y profesionales asociados,Computer network and systems technicians
Rep. Dominicana,Resto,3118,5677.234802246094,8,0.1017857142857142,0.5063244047619048,0.608110119047619,Técnicos y profesionales asociados,Draughtspersons
Rep. Dominicana,Resto,1345,5663.726593017578,10,0.0328663793103448,0.4436961206896551,0.4765624999999999,Dirección y gerencia,Education managers
Rep. Dominicana,Resto,8341,5581.785690307617,12,0.1111111111111111,0.1111111111111111,0.2222222222222222,Operadores de planta y máquinas,Mobile farm and forestry plant operators
Rep. Dominicana,Resto,7322,5494.004455566406,7,0.2173913043478261,0.3260869565217391,0.5434782608695652,Oficios y artesanía,Printers
Rep. Dominicana,Resto,3422,5336.647735595703,9,0.1626984126984127,0.3439484126984127,0.5066468253968254,Técnicos y profesionales asociados,"Sports coaches, instructors and officials"
Rep. Dominicana,Resto,2512,5265.532897949219,4,0.7947368421052632,0.8675438596491228,1.0,Profesionales e ingeniería,Software developers
Rep. Dominicana,Resto,7132,5264.256896972656,10,0.0333333333333333,0.05,0.0833333333333333,Oficios y artesanía,Spray painters and varnishers
Rep. Dominicana,Resto,3521,5111.716003417969,6,0.133107553366174,0.4010160098522167,0.5341235632183907,Técnicos y profesionales asociados,Broadcasting and audio-visual technicians
Rep. Dominicana,Resto,1221,5078.546936035156,5,0.025,0.4705882352941176,0.4955882352941176,Dirección y gerencia,Sales and marketing managers
Rep. Dominicana,Resto,1213,5068.1478271484375,3,0.1261224779766979,0.4600348110258596,0.5861572890025576,Dirección y gerencia,Policy and planning managers
Rep. Dominicana,Resto,2132,5053.636749267578,6,0.0222222222222222,0.4093827160493826,0.4316049382716048,Profesionales e ingeniería,"Farming, forestry and fisheries advisers"
Rep. Dominicana,Resto,3331,4969.176574707031,4,0.2272727272727272,0.5,0.7272727272727273,Técnicos y profesionales asociados,Clearing and forwarding agents
Rep. Dominicana,Resto,3321,4927.552642822266,6,0.137287663603453,0.5593845725424673,0.6966722361459203,Técnicos y profesionales asociados,Insurance representatives
Rep. Dominicana,Resto,3423,4892.808380126953,8,0.1016231435365908,0.2650247086560857,0.3666478521926765,Técnicos y profesionales asociados,Fitness and recreation instructors and program leaders
Rep. Dominicana,Resto,6223,4887.416076660156,10,0.0666666666666666,0.1666666666666666,0.2333333333333333,Agropecuario calificado,Deep-sea fishery workers
Rep. Dominicana,Resto,2165,4837.570938110352,8,0.1107142857142857,0.5241071428571429,0.6348214285714286,Profesionales e ingeniería,Cartographers and surveyors
Rep. Dominicana,Resto,3413,4792.8740234375,7,0.1730435156518748,0.3763276143790849,0.5493711300309598,Técnicos y profesionales asociados,Religious associate professionals
Rep. Dominicana,Resto,7421,4703.451110839844,8,0.1762096237096237,0.3000903263403263,0.47629995004995,Oficios y artesanía,Electronics mechanics and servicers
Rep. Dominicana,Resto,1212,4657.120941162109,5,0.0822649572649572,0.4935897435897436,0.5758547008547009,Dirección y gerencia,Human resource managers
Rep. Dominicana,Resto,1330,4568.188049316406,4,0.1176470588235294,0.5294117647058824,0.6470588235294118,Dirección y gerencia,Information and communications technology service managers
Rep. Dominicana,Resto,3342,4468.4761962890625,6,0.3571428571428572,0.6785714285714286,1.0,Técnicos y profesionales asociados,Legal secretaries
Rep. Dominicana,Resto,3132,4453.258773803711,7,0.1044642857142857,0.2111372180451127,0.3156015037593984,Técnicos y profesionales asociados,Incinerator and water treatment plant operators
Rep. Dominicana,Resto,2612,4417.512268066406,2,0.0714285714285714,0.4523809523809524,0.5238095238095238,Profesionales e ingeniería,Judges
Rep. Dominicana,Resto,6130,4321.328796386719,10,0.0722222222222222,0.1430555555555555,0.2152777777777777,Agropecuario calificado,Mixed crop and animal producers
Rep. Dominicana,Resto,9629,4139.28630065918,6,0.0956544853570025,0.1391038531770797,0.2347583385340822,Ocupaciones elementales,Elementary workers not elsewhere classified
Rep. Dominicana,Resto,7316,4092.5978240966797,5,0.0,0.0583333333333333,0.0583333333333333,Oficios y artesanía,"Sign writers, decorative painters, engravers and etchers"
Rep. Dominicana,Resto,2656,4026.4387817382812,3,0.3583333333333333,0.6583333333333333,1.0,Profesionales e ingeniería,"Announcers on radio, television and other media"
Rep. Dominicana,Resto,2652,4005.2150268554688,4,0.3833333333333333,0.5666666666666667,0.95,Profesionales e ingeniería,"Musicians, singers and composers"
Rep. Dominicana,Resto,3258,3915.8402099609375,4,0.1217948717948718,0.1810897435897436,0.3028846153846154,Técnicos y profesionales asociados,Ambulance workers
Rep. Dominicana,Resto,2151,3898.2218627929688,6,0.2272727272727273,0.5454545454545454,0.7727272727272727,Profesionales e ingeniería,Electrical engineers
Rep. Dominicana,Resto,1120,3897.5805053710938,3,0.0612244897959183,0.4801920768307323,0.5414165666266506,Dirección y gerencia,Managing directors and chief executives
Rep. Dominicana,Resto,1431,3848.047607421875,5,0.2209559758304542,0.5063331949866141,0.7272891708170683,Dirección y gerencia,"Sports, recreation and cultural centre managers"
Rep. Dominicana,Resto,8152,3720.0171966552734,6,0.15,0.175,0.3249999999999999,Operadores de planta y máquinas,Weaving and knitting machine operators
Rep. Dominicana,Resto,3123,3606.220733642578,4,0.0333333333333333,0.4166666666666667,0.45,Técnicos y profesionales asociados,Construction supervisors
Rep. Dominicana,Resto,7223,3594.4467163085938,4,0.0855645513993971,0.1209784669733826,0.2065430183727797,Oficios y artesanía,Metal working machine tool setters and operators
Rep. Dominicana,Resto,7313,3569.4349975585938,5,0.0384615384615384,0.1730769230769231,0.2115384615384615,Oficios y artesanía,Jewellery and precious-metal workers
Rep. Dominicana,Resto,2161,3548.9197387695312,4,0.0833333333333333,0.5,0.5833333333333334,Profesionales e ingeniería,Building architects
Rep. Dominicana,Resto,2269,3482.6896362304688,6,0.1078168907116275,0.3620063416116048,0.4698232323232323,Profesionales e ingeniería,Health professionals not elsewhere classified
Rep. Dominicana,Resto,4416,3460.7239379882812,3,0.2631578947368421,0.6052631578947368,0.868421052631579,Apoyo administrativo,Personnel clerks
Rep. Dominicana,Resto,3431,3353.7041625976562,5,0.0344827586206896,0.396551724137931,0.4310344827586206,Técnicos y profesionales asociados,Photographers
Rep. Dominicana,Resto,3351,3253.6516723632812,4,0.1450948509485094,0.3821815718157181,0.5272764227642276,Técnicos y profesionales asociados,Customs and border inspectors
Rep. Dominicana,Resto,2651,3219.8076171875,4,0.0,0.3364583333333333,0.3364583333333333,Profesionales e ingeniería,Visual artists
Rep. Dominicana,Resto,3332,3218.2503662109375,3,0.0952380952380952,0.4761904761904762,0.5714285714285714,Técnicos y profesionales asociados,Conference and event planners
Rep. Dominicana,Resto,2359,3163.240524291992,6,0.1383298933608531,0.3762684898520811,0.5145983832129343,Profesionales e ingeniería,Teaching professionals not elsewhere classified
Rep. Dominicana,Resto,2653,3109.9026489257812,4,0.0277777777777777,0.1567460317460317,0.1845238095238095,Profesionales e ingeniería,Dancers and choreographers
Rep. Dominicana,Resto,5411,3086.7025756835938,7,0.1666666666666666,0.2833333333333333,0.4499999999999999,Servicios y ventas,Fire-fighters
Rep. Dominicana,Resto,3251,3054.29541015625,5,0.0902777777777777,0.2083333333333333,0.2986111111111111,Técnicos y profesionales asociados,Dental assistants and therapists
Rep. Dominicana,Resto,7544,3033.347396850586,6,0.092063492063492,0.2023809523809524,0.2944444444444444,Oficios y artesanía,Fumigators and other pest and weed controllers
Rep. Dominicana,Resto,1321,3012.197509765625,5,0.0683760683760683,0.4102564102564102,0.4786324786324786,Dirección y gerencia,Manufacturing managers
Rep. Dominicana,Resto,7513,2976.2117919921875,9,0.0876190476190476,0.1095238095238095,0.1971428571428571,Oficios y artesanía,Dairy-products makers
Rep. Dominicana,Resto,8343,2934.2045288085938,4,0.1131047315257841,0.1829611908559276,0.2960659223817118,Operadores de planta y máquinas,"Crane, hoist and related plant operators"
Rep. Dominicana,Resto,5312,2848.5631408691406,5,0.2166666666666667,0.3166666666666666,0.5333333333333334,Servicios y ventas,Teachers' aides
Rep. Dominicana,Resto,7523,2696.643798828125,2,0.0384615384615384,0.0769230769230769,0.1153846153846153,Oficios y artesanía,Woodworking-machine tool setters and operators
Rep. Dominicana,Resto,2354,2682.1942138671875,4,0.1666666666666667,0.3666666666666666,0.5333333333333333,Profesionales e ingeniería,Other music teachers
Rep. Dominicana,Resto,3116,2614.3128356933594,6,0.1326086956521739,0.3195652173913044,0.4521739130434783,Técnicos y profesionales asociados,Chemical engineering technicians
Rep. Dominicana,Resto,7224,2507.872528076172,4,0.025,0.0388888888888888,0.0638888888888888,Oficios y artesanía,"Metal polishers, wheel grinders and tool sharpeners"
Rep. Dominicana,Resto,2141,2426.8273315429688,3,0.1847826086956522,0.5543478260869565,0.7391304347826088,Profesionales e ingeniería,Industrial and production engineers
Rep. Dominicana,Resto,3212,2286.285125732422,5,0.0733333333333333,0.271159420289855,0.3444927536231884,Técnicos y profesionales asociados,Medical and pathology laboratory technicians
Rep. Dominicana,Resto,5242,2221.5341186523438,4,0.0833333333333333,0.1666666666666667,0.25,Servicios y ventas,Sales demonstrators
Rep. Dominicana,Resto,2622,2220.6432495117188,3,0.1666666666666667,0.5333333333333333,0.7000000000000001,Profesionales e ingeniería,Librarians and related information professionals
Rep. Dominicana,Resto,6221,2165.4258728027344,3,0.1083333333333333,0.2145833333333333,0.3229166666666666,Agropecuario calificado,Aquaculture workers
Rep. Dominicana,Resto,9510,2156.1261291503906,4,0.0,0.0416666666666666,0.0416666666666666,Ocupaciones elementales,Street and related service workers
Rep. Dominicana,Resto,5112,2130.2730102539062,5,0.1186773752563226,0.2704203691045796,0.3890977443609022,Servicios y ventas,Transport conductors
Rep. Dominicana,Resto,1344,2127.4923553466797,4,0.0625,0.40625,0.46875,Dirección y gerencia,Social welfare managers
Rep. Dominicana,Resto,3256,2017.802001953125,3,0.125,0.35,0.475,Técnicos y profesionales asociados,Medical assistants
Rep. Dominicana,Resto,4414,2010.9783325195312,2,0.1456046533445914,0.296814898208087,0.4424195515526784,Apoyo administrativo,Scribes and related workers
Rep. Dominicana,Resto,3435,2010.051513671875,3,0.1929302422723474,0.3068870091896408,0.4998172514619883,Técnicos y profesionales asociados,Other artistic and cultural associate professionals
Rep. Dominicana,Resto,7121,2006.935791015625,3,0.0,0.0357142857142857,0.0357142857142857,Oficios y artesanía,Roofers
Rep. Dominicana,Resto,8156,2005.3529663085938,3,0.0526315789473684,0.0526315789473684,0.1052631578947368,Operadores de planta y máquinas,Shoemaking and related machine operators
Rep. Dominicana,Resto,7211,1993.7573852539062,2,0.0151515151515151,0.0378787878787878,0.053030303030303,Oficios y artesanía,Metal moulders and coremakers
Rep. Dominicana,Resto,3255,1983.9134826660156,3,0.1157407407407407,0.1802248677248677,0.2959656084656084,Técnicos y profesionales asociados,Physiotherapy technicians and assistants
Rep. Dominicana,Resto,3214,1975.7379455566406,3,0.0666666666666666,0.1725044563279857,0.2391711229946523,Técnicos y profesionales asociados,Medical and dental prosthetic technicians
Rep. Dominicana,Resto,3152,1972.2648315429688,2,0.1472488038277512,0.2966108452950558,0.443859649122807,Técnicos y profesionales asociados,Ships' deck officers and pilots
Rep. Dominicana,Resto,3352,1971.1619873046875,3,0.16,0.56,0.7200000000000001,Técnicos y profesionales asociados,Government tax and excise officials
Rep. Dominicana,Resto,5161,1959.1362915039062,3,0.4210526315789473,0.5263157894736842,0.9473684210526314,Servicios y ventas,"Astrologers, fortune-tellers and related workers"
Rep. Dominicana,Resto,7315,1940.1065063476562,3,0.0205426356589147,0.0360465116279069,0.0565891472868217,Oficios y artesanía,"Glass makers, cutters, grinders and finishers"
Rep. Dominicana,Resto,7214,1889.1620178222656,3,0.0,0.0393892339544513,0.0393892339544513,Oficios y artesanía,Structural-metal preparers and erectors
Rep. Dominicana,Resto,1111,1859.375,3,0.0333333333333333,0.4,0.4333333333333333,Dirección y gerencia,Legislators
Rep. Dominicana,Resto,7536,1858.90283203125,2,0.0,0.074074074074074,0.074074074074074,Oficios y artesanía,Shoemakers and related workers
Rep. Dominicana,Resto,2431,1853.7803955078125,2,0.44359410430839,0.7079081632653061,1.0,Profesionales e ingeniería,Advertising and marketing professionals
Rep. Dominicana,Resto,2152,1842.7877197265625,3,0.4166666666666666,0.6507936507936507,1.0,Profesionales e ingeniería,Electronics engineers
Rep. Dominicana,Resto,8131,1767.19287109375,3,0.0646075079846566,0.1097870223249394,0.174394530309596,Operadores de planta y máquinas,Chemical products plant and machine operators
Rep. Dominicana,Resto,2422,1667.4075927734375,1,0.175,0.571195652173913,0.746195652173913,Profesionales e ingeniería,Policy administration professionals
Rep. Dominicana,Resto,2353,1427.865234375,2,0.1879967011545959,0.4068788424051581,0.594875543559754,Profesionales e ingeniería,Other language teachers
Rep. Dominicana,Resto,2521,1427.865234375,2,0.8397932816537468,0.9198966408268734,1.0,Profesionales e ingeniería,Database designers and administrators
Rep. Dominicana,Resto,6222,1410.3087768554688,5,0.0666666666666666,0.1666666666666666,0.2333333333333333,Agropecuario calificado,Inland and coastal waters fishery workers
Rep. Dominicana,Resto,8121,1358.4346923828125,2,0.0651551956815114,0.0885981781376518,0.1537533738191633,Operadores de planta y máquinas,Metal processing plant operators
Rep. Dominicana,Resto,2166,1358.4144897460938,2,0.0357142857142857,0.5178571428571428,0.5535714285714285,Profesionales e ingeniería,Graphic and multimedia designers
Rep. Dominicana,Resto,2143,1348.3218994140625,1,0.1428571428571428,0.5535714285714286,0.6964285714285714,Profesionales e ingeniería,Environmental engineers
Rep. Dominicana,Resto,3112,1313.8259887695312,3,0.1199999999999999,0.4266666666666666,0.5466666666666666,Técnicos y profesionales asociados,Civil engineering technicians
Rep. Dominicana,Resto,5113,1271.0102233886719,3,0.1479188166494668,0.3187134502923976,0.4666322669418645,Servicios y ventas,Travel guides
Rep. Dominicana,Resto,5165,1257.26220703125,2,0.1666666666666667,0.3666666666666666,0.5333333333333333,Servicios y ventas,Driving instructors
Rep. Dominicana,Resto,3324,1254.6794128417969,3,0.1643097643097643,0.5425925925925926,0.7069023569023569,Técnicos y profesionales asociados,Trade brokers
Rep. Dominicana,Resto,3211,1193.4873657226562,2,0.049551267147175,0.3152530419282337,0.3648043090754088,Técnicos y profesionales asociados,Medical imaging and therapeutic equipment technicians
Rep. Dominicana,Resto,9212,1175.7266082763672,4,0.0,0.0681818181818181,0.0681818181818181,Ocupaciones elementales,Livestock farm labourers
Rep. Dominicana,Resto,9215,1152.7264404296875,5,0.0476190476190476,0.0476190476190476,0.0952380952380952,Ocupaciones elementales,Forestry labourers
Rep. Dominicana,Resto,7317,1150.0406951904297,3,0.0,0.2666666666666667,0.2666666666666667,Oficios y artesanía,"Handicraft workers in wood, basketry and related materials"
Rep. Dominicana,Resto,8219,1146.5042114257812,2,0.1818181818181818,0.2272727272727273,0.409090909090909,Operadores de planta y máquinas,Assemblers not elsewhere classified
Rep. Dominicana,Resto,7318,1138.8206787109375,2,0.0,0.074074074074074,0.074074074074074,Oficios y artesanía,"Handicraft workers in textile, leather and related materials"
Rep. Dominicana,Resto,8122,1018.8259887695312,1,0.0589580010632642,0.0732854864433811,0.1322434875066453,Operadores de planta y máquinas,"Metal finishing, plating and coating machine operators"
Rep. Dominicana,Resto,7549,1018.357666015625,2,0.03125,0.1354166666666666,0.1666666666666666,Oficios y artesanía,Craft and related workers not elsewhere classified
Rep. Dominicana,Resto,8112,1011.5784912109375,1,0.0909090909090909,0.0909090909090909,0.1818181818181818,Operadores de planta y máquinas,Mineral and stone processing plant operators
Rep. Dominicana,Resto,7314,992.5477905273438,2,0.005813953488372,0.1624031007751938,0.1682170542635659,Oficios y artesanía,Potters and related workers
Rep. Dominicana,Resto,9129,985.1195678710938,2,0.0454545454545454,0.0681818181818181,0.1136363636363636,Ocupaciones elementales,Other cleaning workers
Rep. Dominicana,Resto,4229,967.790283203125,1,0.4117647058823529,0.6764705882352942,1.0,Apoyo administrativo,Client information workers not elsewhere classified
Rep. Dominicana,Resto,3411,960.664794921875,2,0.1460870313037496,0.4026552287581699,0.5487422600619195,Técnicos y profesionales asociados,Legal and related associate professionals
Rep. Dominicana,Resto,2619,952.8043212890625,1,0.1,0.5,0.6,Profesionales e ingeniería,Legal professionals not elsewhere classified
Rep. Dominicana,Resto,9332,936.2566833496094,2,0.1111111111111111,0.1388888888888889,0.25,Ocupaciones elementales,Drivers of animal-drawn vehicles and machinery
Rep. Dominicana,Resto,5419,925.1897583007812,3,0.1768978605935127,0.3035072679434092,0.4804051285369219,Servicios y ventas,Protective services workers not elsewhere classified
Rep. Dominicana,Resto,3421,919.2066650390625,1,0.0,0.0,0.0,Técnicos y profesionales asociados,Athletes and sports players
Rep. Dominicana,Resto,1411,866.7207946777344,2,0.0416666666666666,0.4583333333333333,0.5,Dirección y gerencia,Hotel managers
Rep. Dominicana,Resto,5163,829.5345458984375,1,0.12004662004662,0.1427738927738927,0.2628205128205128,Servicios y ventas,Undertakers and embalmers
Rep. Dominicana,Resto,2240,815.060791015625,1,0.0,0.25,0.25,Profesionales e ingeniería,Paramedical practitioners
Rep. Dominicana,Resto,5169,815.060791015625,1,0.0759691340651093,0.2282714138286893,0.3042405478937987,Servicios y ventas,Personal services workers not elsewhere classified
Rep. Dominicana,Resto,5329,815.060791015625,1,0.1357242310539776,0.2086135204940099,0.3443377515479876,Servicios y ventas,Personal care workers in health services not elsewhere classified
Rep. Dominicana,Resto,7323,815.060791015625,1,0.0384615384615384,0.0769230769230769,0.1153846153846153,Oficios y artesanía,Print finishing and binding workers
Rep. Dominicana,Resto,8189,815.060791015625,1,0.0804000089738412,0.1016862408578992,0.1820862498317405,Operadores de planta y máquinas,Stationary plant and machine operators not elsewhere classified
Rep. Dominicana,Resto,9623,770.4696655273438,1,0.3117408906882591,0.3694331983805667,0.6811740890688258,Ocupaciones elementales,Meter readers and vending-machine collectors
Rep. Dominicana,Resto,8157,756.1342926025391,2,0.03125,0.0625,0.09375,Operadores de planta y máquinas,Laundry machine operators
Rep. Dominicana,Resto,2423,747.6589965820312,1,0.1571051497522086,0.4940442523163111,0.6511494020685198,Profesionales e ingeniería,Personnel and careers professionals
Rep. Dominicana,Resto,2642,747.6589965820312,1,0.3166666666666666,0.6464285714285715,0.963095238095238,Profesionales e ingeniería,Journalists
Rep. Dominicana,Resto,4419,747.6589965820312,1,0.6867167919799498,0.831453634085213,1.0,Apoyo administrativo,Clerical support workers not elsewhere classified
Rep. Dominicana,Resto,3259,691.680419921875,1,0.1092708692273909,0.3133355613790397,0.4226064306064306,Técnicos y profesionales asociados,Health associate professionals not elsewhere classified
Rep. Dominicana,Resto,8172,684.1830444335938,2,0.0,0.0625,0.0625,Operadores de planta y máquinas,Wood processing plant operators
Rep. Dominicana,Resto,5164,679.2173461914062,1,0.1013822993312157,0.2217157197807352,0.323098019111951,Servicios y ventas,Pet groomers and animal care workers
Rep. Dominicana,Resto,7311,679.2173461914062,1,0.1008373205741626,0.2969896331738437,0.3978269537480064,Oficios y artesanía,Precision-instrument makers and repairers
Rep. Dominicana,Resto,3512,674.3856811523438,1,0.4375,0.59375,1.0,Técnicos y profesionales asociados,Information and communications technology user support technicians
Rep. Dominicana,Resto,1223,657.9234619140625,1,0.0946428571428571,0.4955357142857143,0.5901785714285714,Dirección y gerencia,Research and development managers
Rep. Dominicana,Resto,2514,612.804443359375,1,0.8823529411764706,0.9411764705882352,1.0,Profesionales e ingeniería,Applications programmers
Rep. Dominicana,Resto,2643,612.804443359375,1,0.4866310160427807,0.7025401069518716,1.0,Profesionales e ingeniería,"Translators, interpreters and other linguists"
Rep. Dominicana,Resto,1342,605.2203369140625,1,0.0,0.4166666666666667,0.4166666666666667,Dirección y gerencia,Health services managers
Rep. Dominicana,Resto,3339,582.186279296875,1,0.1270820449391878,0.5417519247488192,0.668833969688007,Técnicos y profesionales asociados,Business services agents not elsewhere classified
Rep. Dominicana,Resto,4412,576.3950805664062,2,0.1722004162166433,0.2472954699121027,0.4194958861287461,Apoyo administrativo,Mail carriers and sorting clerks
Rep. Dominicana,Resto,2163,525.2609252929688,1,0.0,0.4352941176470588,0.4352941176470588,Profesionales e ingeniería,Product and garment designers
Rep. Dominicana,Resto,7222,525.2609252929688,1,0.1891514939309057,0.2596113445378151,0.4487628384687208,Oficios y artesanía,Toolmakers and related workers
Rep. Dominicana,Resto,3115,505.78924560546875,1,0.1477355072463768,0.3503239966555184,0.4980595039018952,Técnicos y profesionales asociados,Mechanical engineering technicians
Rep. Dominicana,Resto,3230,411.1264343261719,2,0.1597222222222222,0.3602843915343915,0.5200066137566138,Técnicos y profesionales asociados,Traditional and complementary medicine associate professionals
Rep. Dominicana,Resto,3240,394.75408935546875,1,0.0858294930875575,0.1877880184331797,0.2736175115207373,Técnicos y profesionales asociados,Veterinary technicians and assistants
Rep. Dominicana,Resto,2513,372.05712890625,1,0.6902937420178799,0.84514687100894,1.0,Profesionales e ingeniería,Web and multimedia developers
Rep. Dominicana,Resto,7113,372.05712890625,1,0.0,0.0208333333333333,0.0208333333333333,Oficios y artesanía,"Stonemasons, stone cutters, splitters and carvers"
Rep. Dominicana,Resto,3131,334.37127685546875,1,0.1134057971014492,0.3,0.4134057971014492,Técnicos y profesionales asociados,Power production plant operators
Rep. Dominicana,Resto,8211,309.3699035644531,1,0.0,0.05,0.05,Operadores de planta y máquinas,Mechanical machinery assemblers
Rep. Dominicana,Resto,7543,268.984375,1,0.25,0.40625,0.65625,Oficios y artesanía,Product graders and testers (excluding foods and beverages)
Rep. Dominicana,Resto,9311,259.91131591796875,1,0.0,0.0,0.0,Ocupaciones elementales,Mining and quarrying labourers
Rep. Dominicana,Resto,2144,246.72129821777344,1,0.1351567209162146,0.4815275266224633,0.616684247538678,Profesionales e ingeniería,Mechanical engineers
Rep. Dominicana,Resto,6210,227.4224090576172,1,0.0806349206349206,0.1466673092988882,0.2273022299338088,Agropecuario calificado,Forestry and related workers
